Nome da campanha,Dia,Status de veiculação,Nível de veiculação,Nome da conta,Identificação da conta,Valor gasto (BRL),Impressões,Alcance,Cliques no link,CPC (custo por clique no link),Tipo de resultado,Resultados,Custo por resultado,Início dos relatórios,Encerramento dos relatórios,Resultados (iniciais)
[JUN]_[SN]_Carrossel_Oferta,2026-09-01,active,campaign,AutoShow Campos Novos [Chevrolet],1141449996287746,42.62,3787,2328,37,1.15189189,Conversas por mensagem iniciadas,1,42.62,2026-09-01,2026-09-01,
[SET]_[N]_Card_Oferta - TM,2026-09-01,inactive,campaign,AutoShow Campos Novos [Chevrolet],1141449996287746,87.3,7929,4640,44,1.98409091,Conversas por mensagem iniciadas,1,87.3,2026-09-01,2026-09-01,
[SET]_[N]_Card_Consórcio Day [Permanente],2026-09-01,active,campaign,AutoShow Campos Novos [Chevrolet],1141449996287746,22.48,1103,826,1,22.48,Conversas por mensagem iniciadas,1,22.48,2026-09-01,2026-09-01,
[SET]_[N]_Card_Consórcio Day [Permanente],2026-09-02,active,campaign,AutoShow Campos Novos [Chevrolet],1141449996287746,5.95,202,181,,,,,,2026-09-02,2026-09-02,
[SET]_[N]_Card_Oferta - TM,2026-09-02,inactive,campaign,AutoShow Campos Novos [Chevrolet],1141449996287746,98.34,8737,4163,50,1.9668,Conversas por mensagem iniciadas,2,49.17,2026-09-02,2026-09-02,
[JUN]_[SN]_Carrossel_Oferta,2026-09-02,active,campaign,AutoShow Campos Novos [Chevrolet],1141449996287746,29.22,1327,863,15,1.948,Conversas por mensagem iniciadas,1,29.22,2026-09-02,2026-09-02,
[SET]_[N]_Card_Oferta - TM,2026-09-03,inactive,campaign,AutoShow Campos Novos [Chevrolet],1141449996287746,100.53,7398,4002,45,2.234,Conversas por mensagem iniciadas,3,33.51,2026-09-03,2026-09-03,
[JUN]_[SN]_Carrossel_Oferta,2026-09-03,active,campaign,AutoShow Campos Novos [Chevrolet],1141449996287746,44.38,3039,2044,26,1.70692308,,,,2026-09-03,2026-09-03,
[SET]_[N]_Card_Consórcio Day [Permanente],2026-09-03,active,campaign,AutoShow Campos Novos [Chevrolet],1141449996287746,8.82,455,407,2,4.41,,,,2026-09-03,2026-09-03,
[SET]_[N]_Card_Oferta - TM,2026-09-04,inactive,campaign,AutoShow Campos Novos [Chevrolet],1141449996287746,62.71,5503,3112,32,1.9596875,Conversas por mensagem iniciadas,2,31.355,2026-09-04,2026-09-04,
[JUN]_[SN]_Carrossel_Oferta,2026-09-04,active,campaign,AutoShow Campos Novos [Chevrolet],1141449996287746,27.11,2249,1462,16,1.694375,,,,2026-09-04,2026-09-04,
[SET]_[N]_Card_Consórcio Day [Permanente],2026-09-04,active,campaign,AutoShow Campos Novos [Chevrolet],1141449996287746,5.57,413,349,2,2.785,Conversas por mensagem iniciadas,1,5.57,2026-09-04,2026-09-04,
[SET]_[N]_Card_Consórcio Day [Permanente],2026-09-05,active,campaign,AutoShow Campos Novos [Chevrolet],1141449996287746,3.81,273,231,,,,,,2026-09-05,2026-09-05,
[SET]_[N]_Card_Oferta - TM,2026-09-05,inactive,campaign,AutoShow Campos Novos [Chevrolet],1141449996287746,30.81,3363,1907,17,1.81235294,Conversas por mensagem iniciadas,1,30.81,2026-09-05,2026-09-05,
[JUN]_[SN]_Carrossel_Oferta,2026-09-05,active,campaign,AutoShow Campos Novos [Chevrolet],1141449996287746,13.54,1300,895,8,1.6925,,,,2026-09-05,2026-09-05,
[JUN]_[SN]_Carrossel_Oferta,2026-09-06,active,campaign,AutoShow Campos Novos [Chevrolet],1141449996287746,23.71,2463,1545,31,0.76483871,Conversas por mensagem iniciadas,1,23.71,2026-09-06,2026-09-06,
[SET]_[N]_Card_Oferta - TM,2026-09-06,inactive,campaign,AutoShow Campos Novos [Chevrolet],1141449996287746,63.25,6520,3419,28,2.25892857,Conversas por mensagem iniciadas,2,31.625,2026-09-06,2026-09-06,
[SET]_[N]_Card_Consórcio Day [Permanente],2026-09-06,active,campaign,AutoShow Campos Novos [Chevrolet],1141449996287746,5.09,366,316,1,5.09,,,,2026-09-06,2026-09-06,
[SET]_[N]_Card_Oferta - TM,2026-09-07,inactive,campaign,AutoShow Campos Novos [Chevrolet],1141449996287746,64.45,7388,3639,40,1.61125,Conversas por mensagem iniciadas,5,12.89,2026-09-07,2026-09-07,
[JUN]_[SN]_Carrossel_Oferta,2026-09-07,active,campaign,AutoShow Campos Novos [Chevrolet],1141449996287746,29.19,3386,2234,16,1.824375,,,,2026-09-07,2026-09-07,
[SET]_[N]_Card_Consórcio Day [Permanente],2026-09-07,active,campaign,AutoShow Campos Novos [Chevrolet],1141449996287746,4.71,398,338,1,4.71,,,,2026-09-07,2026-09-07,
[SET]_[N]_Card_Oferta - TM [2],2026-09-08,active,campaign,AutoShow Campos Novos [Chevrolet],1141449996287746,39.7,3249,1947,17,2.33529412,,,,2026-09-08,2026-09-08,
[SET]_[N]_Card_Oferta - TM,2026-09-08,inactive,campaign,AutoShow Campos Novos [Chevrolet],1141449996287746,134.69,11474,5882,73,1.84506849,Conversas por mensagem iniciadas,3,44.89666667,2026-09-08,2026-09-08,
[JUN]_[SN]_Carrossel_Oferta,2026-09-08,active,campaign,AutoShow Campos Novos [Chevrolet],1141449996287746,39.77,3002,1870,19,2.09315789,Conversas por mensagem iniciadas,1,39.77,2026-09-08,2026-09-08,
[SET]_[N]_Card_Consórcio Day [Permanente],2026-09-08,active,campaign,AutoShow Campos Novos [Chevrolet],1141449996287746,9.21,522,438,2,4.605,Conversas por mensagem iniciadas,1,9.21,2026-09-08,2026-09-08,
[SET]_[N]_Card_Oferta - TM [2],2026-09-09,active,campaign,AutoShow Campos Novos [Chevrolet],1141449996287746,153.89,14577,8005,66,2.33166667,Conversas por mensagem iniciadas,5,30.778,2026-09-09,2026-09-09,
[JUN]_[SN]_Carrossel_Oferta,2026-09-09,active,campaign,AutoShow Campos Novos [Chevrolet],1141449996287746,53.29,3411,2294,20,2.6645,Conversas por mensagem iniciadas,1,53.29,2026-09-09,2026-09-09,
[SET]_[N]_Card_Consórcio Day [Permanente],2026-09-09,active,campaign,AutoShow Campos Novos [Chevrolet],1141449996287746,9.77,471,406,,,,,,2026-09-09,2026-09-09,
[JUN]_[SN]_Carrossel_Oferta,2026-09-10,active,campaign,AutoShow Campos Novos [Chevrolet],1141449996287746,38.2,2153,1286,22,1.73636364,Conversas por mensagem iniciadas,3,12.73333333,2026-09-10,2026-09-10,
[SET]_[N]_Card_Oferta - TM [2],2026-09-10,active,campaign,AutoShow Campos Novos [Chevrolet],1141449996287746,113.15,9216,4461,50,2.263,Conversas por mensagem iniciadas,1,113.15,2026-09-10,2026-09-10,
[SET]_[N]_Card_Consórcio Day [Permanente],2026-09-10,active,campaign,AutoShow Campos Novos [Chevrolet],1141449996287746,7.13,404,363,1,7.13,,,,2026-09-10,2026-09-10,
[SET]_[PV]_Vídeo_Condição,2026-09-11,active,campaign,AutoShow Campos Novos [Chevrolet],1141449996287746,10.84,717,531,,,,,,2026-09-11,2026-09-11,
[SET]_[N]_Card_Oferta - TM [2],2026-09-11,active,campaign,AutoShow Campos Novos [Chevrolet],1141449996287746,76.57,6118,3473,36,2.12694444,Conversas por mensagem iniciadas,8,9.57125,2026-09-11,2026-09-11,
[JUN]_[SN]_Carrossel_Oferta,2026-09-11,active,campaign,AutoShow Campos Novos [Chevrolet],1141449996287746,24.88,1292,840,11,2.26181818,Conversas por mensagem iniciadas,1,24.88,2026-09-11,2026-09-11,
[SET]_[N]_Card_Consórcio Day [Permanente],2026-09-11,active,campaign,AutoShow Campos Novos [Chevrolet],1141449996287746,4.24,225,208,1,4.24,Conversas por mensagem iniciadas,1,4.24,2026-09-11,2026-09-11,
[SET]_[PV]_Vídeo_Condição,2026-09-12,active,campaign,AutoShow Campos Novos [Chevrolet],1141449996287746,16.4,919,664,2,8.2,,,,2026-09-12,2026-09-12,
[SET]_[N]_Card_Oferta - TM [2],2026-09-12,active,campaign,AutoShow Campos Novos [Chevrolet],1141449996287746,41.78,4155,2664,31,1.34774194,Conversas por mensagem iniciadas,1,41.78,2026-09-12,2026-09-12,
[JUN]_[SN]_Carrossel_Oferta,2026-09-12,active,campaign,AutoShow Campos Novos [Chevrolet],1141449996287746,14.6,902,634,14,1.04285714,Conversas por mensagem iniciadas,1,14.6,2026-09-12,2026-09-12,
[SET]_[N]_Card_Consórcio Day [Permanente],2026-09-12,active,campaign,AutoShow Campos Novos [Chevrolet],1141449996287746,1.8,162,146,1,1.8,Conversas por mensagem iniciadas,1,1.8,2026-09-12,2026-09-12,
[SET]_[PV]_Vídeo_Condição,2026-09-13,active,campaign,AutoShow Campos Novos [Chevrolet],1141449996287746,24.4,938,753,7,3.48571429,,,,2026-09-13,2026-09-13,
[SET]_[N]_Card_Oferta - TM [2],2026-09-13,active,campaign,AutoShow Campos Novos [Chevrolet],1141449996287746,80.7,6909,4077,41,1.96829268,Conversas por mensagem iniciadas,3,26.9,2026-09-13,2026-09-13,
[JUN]_[SN]_Carrossel_Oferta,2026-09-13,active,campaign,AutoShow Campos Novos [Chevrolet],1141449996287746,27.44,1168,840,9,3.04888889,Conversas por mensagem iniciadas,1,27.44,2026-09-13,2026-09-13,
[SET]_[N]_Card_Consórcio Day [Permanente],2026-09-13,active,campaign,AutoShow Campos Novos [Chevrolet],1141449996287746,5.74,266,238,1,5.74,Conversas por mensagem iniciadas,1,5.74,2026-09-13,2026-09-13,
[JUN]_[SN]_Carrossel_Oferta,2026-09-14,active,campaign,AutoShow Campos Novos [Chevrolet],1141449996287746,39.85,1534,1096,18,2.21388889,,,,2026-09-14,2026-09-14,
[SET]_[N]_Card_Consórcio Day [Permanente],2026-09-14,active,campaign,AutoShow Campos Novos [Chevrolet],1141449996287746,7.66,334,313,2,3.83,Conversas por mensagem iniciadas,1,7.66,2026-09-14,2026-09-14,
[SET]_[N]_Card_Oferta - TM [2],2026-09-14,active,campaign,AutoShow Campos Novos [Chevrolet],1141449996287746,114.72,7667,4420,54,2.12444444,Conversas por mensagem iniciadas,1,114.72,2026-09-14,2026-09-14,
[SET]_[PV]_Vídeo_Condição,2026-09-14,active,campaign,AutoShow Campos Novos [Chevrolet],1141449996287746,28.38,1090,849,3,9.46,Conversas por mensagem iniciadas,1,28.38,2026-09-14,2026-09-14,
[SET]_[N]_Card_Oferta - S10,2026-09-15,active,campaign,AutoShow Campos Novos [Chevrolet],1141449996287746,22.78,1846,1343,7,3.25428571,Conversas por mensagem iniciadas,1,22.78,2026-09-15,2026-09-15,
[SET]_[PV]_Vídeo_Condição,2026-09-15,active,campaign,AutoShow Campos Novos [Chevrolet],1141449996287746,27.49,1571,1140,2,13.745,,,,2026-09-15,2026-09-15,
[JUN]_[SN]_Carrossel_Oferta,2026-09-15,active,campaign,AutoShow Campos Novos [Chevrolet],1141449996287746,47.51,2355,1586,16,2.969375,Conversas por mensagem iniciadas,2,23.755,2026-09-15,2026-09-15,
[SET]_[N]_Card_Consórcio Day [Permanente],2026-09-15,active,campaign,AutoShow Campos Novos [Chevrolet],1141449996287746,8.29,579,537,2,4.145,Conversas por mensagem iniciadas,1,8.29,2026-09-15,2026-09-15,
[SET]_[N]_Card_Oferta - S10,2026-09-16,active,campaign,AutoShow Campos Novos [Chevrolet],1141449996287746,13.91,1704,1294,10,1.391,Conversas por mensagem iniciadas,1,13.91,2026-09-16,2026-09-16,
[SET]_[PV]_Vídeo_Condição,2026-09-16,active,campaign,AutoShow Campos Novos [Chevrolet],1141449996287746,12.73,827,685,4,3.1825,,,,2026-09-16,2026-09-16,
[SET]_[N]_Card_Oferta - TM [2],2026-09-16,active,campaign,AutoShow Campos Novos [Chevrolet],1141449996287746,69.05,5025,3388,37,1.86621622,Conversas por mensagem iniciadas,4,17.2625,2026-09-16,2026-09-16,
[JUN]_[SN]_Carrossel_Oferta,2026-09-16,active,campaign,AutoShow Campos Novos [Chevrolet],1141449996287746,22.94,1480,1102,15,1.52933333,,,,2026-09-16,2026-09-16,
[SET]_[N]_Card_Consórcio Day [Permanente],2026-09-16,active,campaign,AutoShow Campos Novos [Chevrolet],1141449996287746,3.94,206,193,1,3.94,,,,2026-09-16,2026-09-16,
[JUL]_[SN]_Carrossel_Oferta,2026-09-01,inactive,campaign,AutoShow Concórdia [Chevrolet],3293033177418228,46.16,3582,2142,36,1.28222222,Conversas por mensagem iniciadas,1,46.16,2026-09-01,2026-09-01,
[SET]_[N]_Card_Oferta - TM,2026-09-01,inactive,campaign,AutoShow Concórdia [Chevrolet],3293033177418228,91.07,7168,4511,36,2.52972222,Conversas por mensagem iniciadas,4,22.7675,2026-09-01,2026-09-01,
[SET]_[N]_Card_Consórcio Day [Permanente],2026-09-01,active,campaign,AutoShow Concórdia [Chevrolet],3293033177418228,8.19,420,373,3,2.73,Conversas por mensagem iniciadas,1,8.19,2026-09-01,2026-09-01,
[SET]_[N]_Card_Consórcio Day [Permanente],2026-09-02,active,campaign,AutoShow Concórdia [Chevrolet],3293033177418228,5.27,176,161,1,5.27,,,,2026-09-02,2026-09-02,
[SET]_[N]_Card_Oferta - TM,2026-09-02,inactive,campaign,AutoShow Concórdia [Chevrolet],3293033177418228,80.68,4780,2785,24,3.36166667,Conversas por mensagem iniciadas,2,40.34,2026-09-02,2026-09-02,
[JUL]_[SN]_Carrossel_Oferta,2026-09-02,inactive,campaign,AutoShow Concórdia [Chevrolet],3293033177418228,7.35,476,350,4,1.8375,,,,2026-09-02,2026-09-02,
[SET]_[N]_Card_Oferta - TM,2026-09-03,inactive,campaign,AutoShow Concórdia [Chevrolet],3293033177418228,105.32,7156,4372,42,2.50761905,Conversas por mensagem iniciadas,5,21.064,2026-09-03,2026-09-03,
[SET]_[N]_Card_Consórcio Day [Permanente],2026-09-03,active,campaign,AutoShow Concórdia [Chevrolet],3293033177418228,7.64,477,444,,,,,,2026-09-03,2026-09-03,
[SET]_[N]_Card_Oferta - TM,2026-09-04,inactive,campaign,AutoShow Concórdia [Chevrolet],3293033177418228,65.24,7055,4366,46,1.41826087,Conversas por mensagem iniciadas,1,65.24,2026-09-04,2026-09-04,
[SET]_[N]_Card_Consórcio Day [Permanente],2026-09-04,active,campaign,AutoShow Concórdia [Chevrolet],3293033177418228,4.66,295,277,,,,,,2026-09-04,2026-09-04,
[SET]_[N]_Card_Consórcio Day [Permanente],2026-09-05,active,campaign,AutoShow Concórdia [Chevrolet],3293033177418228,2.59,237,224,,,,,,2026-09-05,2026-09-05,
[SET]_[N]_Card_Oferta - TM,2026-09-05,inactive,campaign,AutoShow Concórdia [Chevrolet],3293033177418228,52.31,5646,3654,34,1.53852941,Conversas por mensagem iniciadas,3,17.43666667,2026-09-05,2026-09-05,
[SET]_[N]_Card_Consórcio Day [Permanente],2026-09-06,active,campaign,AutoShow Concórdia [Chevrolet],3293033177418228,5.29,403,363,,,,,,2026-09-06,2026-09-06,
[SET]_[N]_Card_Oferta - TM,2026-09-06,inactive,campaign,AutoShow Concórdia [Chevrolet],3293033177418228,62.5,7468,4609,42,1.48809524,Conversas por mensagem iniciadas,3,20.83333333,2026-09-06,2026-09-06,
[SET]_[N]_Card_Oferta - TM,2026-09-07,inactive,campaign,AutoShow Concórdia [Chevrolet],3293033177418228,67.09,7867,4861,43,1.56023256,Conversas por mensagem iniciadas,1,67.09,2026-09-07,2026-09-07,
[SET]_[N]_Card_Consórcio Day [Permanente],2026-09-07,active,campaign,AutoShow Concórdia [Chevrolet],3293033177418228,5.89,433,403,,,,,,2026-09-07,2026-09-07,
[SET]_[N]_Card_Oferta - TM [2],2026-09-08,active,campaign,AutoShow Concórdia [Chevrolet],3293033177418228,40.57,2642,1864,13,3.12076923,Conversas por mensagem iniciadas,2,20.285,2026-09-08,2026-09-08,
[SET]_[N]_Card_Oferta - TM,2026-09-08,inactive,campaign,AutoShow Concórdia [Chevrolet],3293033177418228,134.23,11724,6704,66,2.03378788,Conversas por mensagem iniciadas,3,44.74333333,2026-09-08,2026-09-08,
[SET]_[N]_Card_Consórcio Day [Permanente],2026-09-08,active,campaign,AutoShow Concórdia [Chevrolet],3293033177418228,7.49,391,367,,,,,,2026-09-08,2026-09-08,
[SET]_[N]_Card_Oferta - TM [2],2026-09-09,active,campaign,AutoShow Concórdia [Chevrolet],3293033177418228,163.23,11207,6883,75,2.1764,Conversas por mensagem iniciadas,5,32.646,2026-09-09,2026-09-09,
[SET]_[N]_Card_Consórcio Day [Permanente],2026-09-09,active,campaign,AutoShow Concórdia [Chevrolet],3293033177418228,10.08,449,412,2,5.04,,,,2026-09-09,2026-09-09,
[SET]_[N]_Card_Oferta - TM [2],2026-09-10,active,campaign,AutoShow Concórdia [Chevrolet],3293033177418228,108.65,8235,4529,38,2.85921053,Conversas por mensagem iniciadas,3,36.21666667,2026-09-10,2026-09-10,
[SET]_[N]_Card_Consórcio Day [Permanente],2026-09-10,active,campaign,AutoShow Concórdia [Chevrolet],3293033177418228,6.78,396,349,,,,,,2026-09-10,2026-09-10,
[SET]_[PV]_Vídeo_Condição,2026-09-11,active,campaign,AutoShow Concórdia [Chevrolet],3293033177418228,6.54,571,480,1,6.54,Conversas por mensagem iniciadas,1,6.54,2026-09-11,2026-09-11,
[SET]_[N]_Card_Oferta - TM [2],2026-09-11,active,campaign,AutoShow Concórdia [Chevrolet],3293033177418228,70.51,4935,3052,28,2.51821429,Conversas por mensagem iniciadas,3,23.50333333,2026-09-11,2026-09-11,
[SET]_[N]_Card_Consórcio Day [Permanente],2026-09-11,active,campaign,AutoShow Concórdia [Chevrolet],3293033177418228,4.28,196,174,1,4.28,,,,2026-09-11,2026-09-11,
[SET]_[PV]_Vídeo_Condição,2026-09-12,active,campaign,AutoShow Concórdia [Chevrolet],3293033177418228,18.58,1635,1223,,,,,,2026-09-12,2026-09-12,
[SET]_[N]_Card_Oferta - TM [2],2026-09-12,active,campaign,AutoShow Concórdia [Chevrolet],3293033177418228,40.32,3310,2237,18,2.24,Conversas por mensagem iniciadas,1,40.32,2026-09-12,2026-09-12,
[SET]_[N]_Card_Consórcio Day [Permanente],2026-09-12,active,campaign,AutoShow Concórdia [Chevrolet],3293033177418228,1.95,118,109,2,0.975,Conversas por mensagem iniciadas,1,1.95,2026-09-12,2026-09-12,
[SET]_[PV]_Vídeo_Condição,2026-09-13,active,campaign,AutoShow Concórdia [Chevrolet],3293033177418228,16.19,831,628,3,5.39666667,,,,2026-09-13,2026-09-13,
[SET]_[N]_Card_Oferta - TM [2],2026-09-13,active,campaign,AutoShow Concórdia [Chevrolet],3293033177418228,80.08,5396,3628,28,2.86,Conversas por mensagem iniciadas,3,26.69333333,2026-09-13,2026-09-13,
[SET]_[N]_Card_Consórcio Day [Permanente],2026-09-13,active,campaign,AutoShow Concórdia [Chevrolet],3293033177418228,5.53,199,188,,,,,,2026-09-13,2026-09-13,
[SET]_[N]_Card_Oferta - TM [2],2026-09-14,active,campaign,AutoShow Concórdia [Chevrolet],3293033177418228,114.84,6372,4412,43,2.67069767,Conversas por mensagem iniciadas,5,22.968,2026-09-14,2026-09-14,
[SET]_[N]_Card_Consórcio Day [Permanente],2026-09-14,active,campaign,AutoShow Concórdia [Chevrolet],3293033177418228,7.41,231,214,,,,,,2026-09-14,2026-09-14,
[SET]_[PV]_Vídeo_Condição,2026-09-14,active,campaign,AutoShow Concórdia [Chevrolet],3293033177418228,30.88,1255,921,5,6.176,Conversas por mensagem iniciadas,1,30.88,2026-09-14,2026-09-14,
[SET]_[N]_Card_Oferta - S10,2026-09-15,active,campaign,AutoShow Concórdia [Chevrolet],3293033177418228,17.44,1397,1036,14,1.24571429,Conversas por mensagem iniciadas,1,17.44,2026-09-15,2026-09-15,
[SET]_[PV]_Vídeo_Condição,2026-09-15,active,campaign,AutoShow Concórdia [Chevrolet],3293033177418228,27.3,1916,1382,4,6.825,Conversas por mensagem iniciadas,1,27.3,2026-09-15,2026-09-15,
[SET]_[N]_Card_Consórcio Day [Permanente],2026-09-15,active,campaign,AutoShow Concórdia [Chevrolet],3293033177418228,8.39,372,341,,,,,,2026-09-15,2026-09-15,
[SET]_[N]_Card_Oferta - S10,2026-09-16,active,campaign,AutoShow Concórdia [Chevrolet],3293033177418228,12.02,1234,884,8,1.5025,,,,2026-09-16,2026-09-16,
[SET]_[PV]_Vídeo_Condição,2026-09-16,active,campaign,AutoShow Concórdia [Chevrolet],3293033177418228,10.69,737,601,2,5.345,,,,2026-09-16,2026-09-16,
[SET]_[N]_Card_Oferta - TM [2],2026-09-16,active,campaign,AutoShow Concórdia [Chevrolet],3293033177418228,60.19,4048,2822,24,2.50791667,,,,2026-09-16,2026-09-16,
[SET]_[N]_Card_Consórcio Day [Permanente],2026-09-16,active,campaign,AutoShow Concórdia [Chevrolet],3293033177418228,3.57,136,126,,,,,,2026-09-16,2026-09-16,
[SET]_[N]_Card_Consórcio Day [Permanente],2026-09-01,active,campaign,AutoShow Lages [Chevrolet],444965579796662,19.58,745,654,1,19.58,,,,2026-09-01,2026-09-01,
[SET]_[N]_Card_Oferta - TM,2026-09-01,inactive,campaign,AutoShow Lages [Chevrolet],444965579796662,99.29,7052,4739,49,2.02632653,Conversas por mensagem iniciadas,3,33.09666667,2026-09-01,2026-09-01,
[JUN]_[SN]_Carrossel_Ofertas,2026-09-01,inactive,campaign,AutoShow Lages [Chevrolet],444965579796662,52.8,4304,2864,65,0.81230769,Conversas por mensagem iniciadas,6,8.8,2026-09-01,2026-09-01,
[JUN]_[SN]_Carrossel_Ofertas,2026-09-02,inactive,campaign,AutoShow Lages [Chevrolet],444965579796662,30.6,1561,989,23,1.33043478,,,,2026-09-02,2026-09-02,
[SET]_[N]_Card_Oferta - TM,2026-09-02,inactive,campaign,AutoShow Lages [Chevrolet],444965579796662,80.62,5126,2814,30,2.68733333,Conversas por mensagem iniciadas,1,80.62,2026-09-02,2026-09-02,
[SET]_[N]_Card_Consórcio Day [Permanente],2026-09-02,active,campaign,AutoShow Lages [Chevrolet],444965579796662,4.29,218,198,,,,,,2026-09-02,2026-09-02,
[SET]_[N]_Card_Oferta - TM,2026-09-03,inactive,campaign,AutoShow Lages [Chevrolet],444965579796662,109.88,7678,4738,53,2.07320755,Conversas por mensagem iniciadas,3,36.62666667,2026-09-03,2026-09-03,
[SET]_[N]_Card_Consórcio Day [Permanente],2026-09-03,active,campaign,AutoShow Lages [Chevrolet],444965579796662,8.9,495,456,3,2.96666667,Conversas por mensagem iniciadas,1,8.9,2026-09-03,2026-09-03,
[JUN]_[SN]_Carrossel_Ofertas,2026-09-03,inactive,campaign,AutoShow Lages [Chevrolet],444965579796662,51.95,3025,1919,39,1.33205128,Conversas por mensagem iniciadas,8,6.49375,2026-09-03,2026-09-03,
[SET]_[N]_Card_Oferta - TM,2026-09-04,inactive,campaign,AutoShow Lages [Chevrolet],444965579796662,65.16,5179,3290,37,1.76108108,Conversas por mensagem iniciadas,2,32.58,2026-09-04,2026-09-04,
[SET]_[N]_Card_Consórcio Day [Permanente],2026-09-04,active,campaign,AutoShow Lages [Chevrolet],444965579796662,5.92,379,355,,,,,,2026-09-04,2026-09-04,
[JUN]_[SN]_Carrossel_Ofertas,2026-09-04,inactive,campaign,AutoShow Lages [Chevrolet],444965579796662,34.02,2607,1636,39,0.87230769,Conversas por mensagem iniciadas,1,34.02,2026-09-04,2026-09-04,
[SET]_[N]_Card_Oferta - TM,2026-09-05,inactive,campaign,AutoShow Lages [Chevrolet],444965579796662,45.95,3383,2200,25,1.838,Conversas por mensagem iniciadas,3,15.31666667,2026-09-05,2026-09-05,
[SET]_[N]_Card_Consórcio Day [Permanente],2026-09-05,active,campaign,AutoShow Lages [Chevrolet],444965579796662,3.98,314,284,,,,,,2026-09-05,2026-09-05,
[JUN]_[SN]_Carrossel_Ofertas,2026-09-05,inactive,campaign,AutoShow Lages [Chevrolet],444965579796662,23.17,1918,1256,26,0.89115385,Conversas por mensagem iniciadas,4,5.7925,2026-09-05,2026-09-05,
[JUN]_[SN]_Carrossel_Ofertas,2026-09-06,inactive,campaign,AutoShow Lages [Chevrolet],444965579796662,34.11,3967,2666,39,0.87461538,Conversas por mensagem iniciadas,1,34.11,2026-09-06,2026-09-06,
[SET]_[N]_Card_Oferta - TM,2026-09-06,inactive,campaign,AutoShow Lages [Chevrolet],444965579796662,69.07,5892,3819,44,1.56977273,Conversas por mensagem iniciadas,3,23.02333333,2026-09-06,2026-09-06,
[SET]_[N]_Card_Consórcio Day [Permanente],2026-09-06,active,campaign,AutoShow Lages [Chevrolet],444965579796662,6.52,389,353,4,1.63,Conversas por mensagem iniciadas,4,1.63,2026-09-06,2026-09-06,
[SET]_[N]_Card_Oferta - TM,2026-09-07,inactive,campaign,AutoShow Lages [Chevrolet],444965579796662,57.45,5702,3719,44,1.30568182,,,,2026-09-07,2026-09-07,
[SET]_[N]_Card_Consórcio Day [Permanente],2026-09-07,active,campaign,AutoShow Lages [Chevrolet],444965579796662,3.21,276,257,1,3.21,,,,2026-09-07,2026-09-07,
[JUN]_[SN]_Carrossel_Ofertas,2026-09-07,inactive,campaign,AutoShow Lages [Chevrolet],444965579796662,40.71,3554,2316,34,1.19735294,Conversas por mensagem iniciadas,2,20.355,2026-09-07,2026-09-07,
[SET]_[N]_Card_Oferta - TM [2],2026-09-08,active,campaign,AutoShow Lages [Chevrolet],444965579796662,25.01,1436,1107,14,1.78642857,,,,2026-09-08,2026-09-08,
[SET]_[N]_Card_Oferta - TM,2026-09-08,inactive,campaign,AutoShow Lages [Chevrolet],444965579796662,136.18,10804,6768,74,1.84027027,Conversas por mensagem iniciadas,4,34.045,2026-09-08,2026-09-08,
[SET]_[N]_Card_Consórcio Day [Permanente],2026-09-08,active,campaign,AutoShow Lages [Chevrolet],444965579796662,10.13,467,425,2,5.065,Conversas por mensagem iniciadas,2,5.065,2026-09-08,2026-09-08,
[JUN]_[SN]_Carrossel_Ofertas,2026-09-08,inactive,campaign,AutoShow Lages [Chevrolet],444965579796662,46.85,2766,1804,34,1.37794118,Conversas por mensagem iniciadas,3,15.61666667,2026-09-08,2026-09-08,
[SET]_[SN]_Carrossel_Oferta,2026-09-09,active,campaign,AutoShow Lages [Chevrolet],444965579796662,24.88,1120,683,21,1.1847619,Conversas por mensagem iniciadas,2,12.44,2026-09-09,2026-09-09,
[SET]_[N]_Card_Oferta - TM [2],2026-09-09,active,campaign,AutoShow Lages [Chevrolet],444965579796662,94.6,5988,3875,34,2.78235294,Conversas por mensagem iniciadas,4,23.65,2026-09-09,2026-09-09,
[SET]_[N]_Card_Consórcio Day [Permanente],2026-09-09,active,campaign,AutoShow Lages [Chevrolet],444965579796662,9.51,358,324,3,3.17,Conversas por mensagem iniciadas,1,9.51,2026-09-09,2026-09-09,
[JUN]_[SN]_Carrossel_Ofertas,2026-09-09,inactive,campaign,AutoShow Lages [Chevrolet],444965579796662,45.52,2219,1595,21,2.16761905,Conversas por mensagem iniciadas,4,11.38,2026-09-09,2026-09-09,
[SET]_[N]_Card_Oferta - TM [2],2026-09-10,active,campaign,AutoShow Lages [Chevrolet],444965579796662,96.31,5557,3296,32,3.0096875,Conversas por mensagem iniciadas,3,32.10333333,2026-09-10,2026-09-10,
[SET]_[SN]_Carrossel_Oferta,2026-09-10,active,campaign,AutoShow Lages [Chevrolet],444965579796662,41.81,2477,1368,48,0.87104167,Conversas por mensagem iniciadas,3,13.93666667,2026-09-10,2026-09-10,
[SET]_[N]_Card_Consórcio Day [Permanente],2026-09-10,active,campaign,AutoShow Lages [Chevrolet],444965579796662,6.13,316,284,1,6.13,Conversas por mensagem iniciadas,1,6.13,2026-09-10,2026-09-10,
[JUN]_[SN]_Carrossel_Ofertas,2026-09-10,inactive,campaign,AutoShow Lages [Chevrolet],444965579796662,8.28,472,383,6,1.38,,,,2026-09-10,2026-09-10,
[SET]_[PV]_Vídeo_Condição,2026-09-11,active,campaign,AutoShow Lages [Chevrolet],444965579796662,7.13,414,342,2,3.565,,,,2026-09-11,2026-09-11,
[SET]_[SN]_Carrossel_Oferta,2026-09-11,active,campaign,AutoShow Lages [Chevrolet],444965579796662,30.92,2142,1312,29,1.0662069,Conversas por mensagem iniciadas,3,10.30666667,2026-09-11,2026-09-11,
[SET]_[N]_Card_Oferta - TM [2],2026-09-11,active,campaign,AutoShow Lages [Chevrolet],444965579796662,94.69,6028,3309,45,2.10422222,Conversas por mensagem iniciadas,2,47.345,2026-09-11,2026-09-11,
[SET]_[N]_Card_Consórcio Day [Permanente],2026-09-11,active,campaign,AutoShow Lages [Chevrolet],444965579796662,4.59,190,172,,,,,,2026-09-11,2026-09-11,
[SET]_[PV]_Vídeo_Condição,2026-09-12,active,campaign,AutoShow Lages [Chevrolet],444965579796662,17.54,1153,855,1,17.54,Conversas por mensagem iniciadas,1,17.54,2026-09-12,2026-09-12,
[SET]_[SN]_Carrossel_Oferta,2026-09-12,active,campaign,AutoShow Lages [Chevrolet],444965579796662,36.86,2367,1541,30,1.22866667,Conversas por mensagem iniciadas,3,12.28666667,2026-09-12,2026-09-12,
[SET]_[N]_Card_Oferta - TM [2],2026-09-12,active,campaign,AutoShow Lages [Chevrolet],444965579796662,108.56,7286,4041,37,2.93405405,Conversas por mensagem iniciadas,4,27.14,2026-09-12,2026-09-12,
[SET]_[N]_Card_Consórcio Day [Permanente],2026-09-12,active,campaign,AutoShow Lages [Chevrolet],444965579796662,1.77,117,112,,,,,,2026-09-12,2026-09-12,
[SET]_[PV]_Vídeo_Condição,2026-09-13,active,campaign,AutoShow Lages [Chevrolet],444965579796662,20.42,672,550,3,6.80666667,Conversas por mensagem iniciadas,1,20.42,2026-09-13,2026-09-13,
[SET]_[SN]_Carrossel_Oferta,2026-09-13,active,campaign,AutoShow Lages [Chevrolet],444965579796662,39.48,1584,1034,27,1.46222222,Conversas por mensagem iniciadas,3,13.16,2026-09-13,2026-09-13,
[SET]_[N]_Card_Oferta - TM [2],2026-09-13,active,campaign,AutoShow Lages [Chevrolet],444965579796662,88.65,5962,3423,44,2.01477273,Conversas por mensagem iniciadas,4,22.1625,2026-09-13,2026-09-13,
[SET]_[N]_Card_Consórcio Day [Permanente],2026-09-13,active,campaign,AutoShow Lages [Chevrolet],444965579796662,6.56,208,194,3,2.18666667,Conversas por mensagem iniciadas,3,2.18666667,2026-09-13,2026-09-13,
[SET]_[N]_Card_Consórcio Day [Permanente],2026-09-14,active,campaign,AutoShow Lages [Chevrolet],444965579796662,9.45,357,319,3,3.15,Conversas por mensagem iniciadas,3,3.15,2026-09-14,2026-09-14,
[SET]_[N]_Card_Oferta - TM [2],2026-09-14,active,campaign,AutoShow Lages [Chevrolet],444965579796662,106.5,6666,3822,49,2.17346939,Conversas por mensagem iniciadas,2,53.25,2026-09-14,2026-09-14,
[SET]_[SN]_Carrossel_Oferta,2026-09-14,active,campaign,AutoShow Lages [Chevrolet],444965579796662,53.28,1615,1044,24,2.22,Conversas por mensagem iniciadas,4,13.32,2026-09-14,2026-09-14,
[SET]_[PV]_Vídeo_Condição,2026-09-14,active,campaign,AutoShow Lages [Chevrolet],444965579796662,26.3,1061,816,5,5.26,,,,2026-09-14,2026-09-14,
[SET]_[N]_Card_Oferta - S10,2026-09-15,active,campaign,AutoShow Lages [Chevrolet],444965579796662,16.47,1230,915,10,1.647,,,,2026-09-15,2026-09-15,
[SET]_[PV]_Vídeo_Condição,2026-09-15,active,campaign,AutoShow Lages [Chevrolet],444965579796662,23.84,1493,1157,4,5.96,,,,2026-09-15,2026-09-15,
[SET]_[SN]_Carrossel_Oferta,2026-09-15,active,campaign,AutoShow Lages [Chevrolet],444965579796662,57.6,2604,1796,31,1.85806452,Conversas por mensagem iniciadas,4,14.4,2026-09-15,2026-09-15,
[SET]_[N]_Card_Consórcio Day [Permanente],2026-09-15,active,campaign,AutoShow Lages [Chevrolet],444965579796662,7.62,248,228,2,3.81,Conversas por mensagem iniciadas,1,7.62,2026-09-15,2026-09-15,
[SET]_[N]_Card_Oferta - S10,2026-09-16,active,campaign,AutoShow Lages [Chevrolet],444965579796662,9.9,964,728,11,0.9,,,,2026-09-16,2026-09-16,
[SET]_[SN]_Carrossel_Oferta [#7145],2026-09-16,active,campaign,AutoShow Lages [Chevrolet],444965579796662,2.61,117,83,1,2.61,Conversas por mensagem iniciadas,1,2.61,2026-09-16,2026-09-16,
[SET]_[N]_Card_Oferta - TM [2] [#7145],2026-09-16,active,campaign,AutoShow Lages [Chevrolet],444965579796662,4.6,400,344,3,1.53333333,,,,2026-09-16,2026-09-16,
[SET]_[PV]_Vídeo_Condição,2026-09-16,active,campaign,AutoShow Lages [Chevrolet],444965579796662,10.83,539,435,3,3.61,,,,2026-09-16,2026-09-16,
[SET]_[SN]_Carrossel_Oferta,2026-09-16,active,campaign,AutoShow Lages [Chevrolet],444965579796662,23.14,1351,906,19,1.21789474,,,,2026-09-16,2026-09-16,
[SET]_[N]_Card_Oferta - TM [2],2026-09-16,active,campaign,AutoShow Lages [Chevrolet],444965579796662,22.92,1933,1526,9,2.54666667,,,,2026-09-16,2026-09-16,
[SET]_[N]_Card_Consórcio Day [Permanente],2026-09-16,active,campaign,AutoShow Lages [Chevrolet],444965579796662,3.75,108,98,1,3.75,,,,2026-09-16,2026-09-16,
[SET]_[N]_Card_Consórcio Day [Permanente],2026-09-01,active,campaign,Autoshow Canoinhas [Chevrolet],4400096113365243,8.92,353,317,3,2.97333333,,,,2026-09-01,2026-09-01,
[SET]_[N]_Card_Oferta - TM,2026-09-01,inactive,campaign,Autoshow Canoinhas [Chevrolet],4400096113365243,73.89,4880,3509,27,2.73666667,Conversas por mensagem iniciadas,3,24.63,2026-09-01,2026-09-01,
[JUN]_[SN]_Carrossel_Oferta,2026-09-01,active,campaign,Autoshow Canoinhas [Chevrolet],4400096113365243,32.82,2124,1470,62,0.52935484,Conversas por mensagem iniciadas,9,3.64666667,2026-09-01,2026-09-01,
[JUN]_[SN]_Carrossel_Oferta,2026-09-02,active,campaign,Autoshow Canoinhas [Chevrolet],4400096113365243,28.34,2227,1491,48,0.59041667,Conversas por mensagem iniciadas,9,3.14888889,2026-09-02,2026-09-02,
[SET]_[N]_Card_Oferta - TM,2026-09-02,inactive,campaign,Autoshow Canoinhas [Chevrolet],4400096113365243,81.73,4539,2820,25,3.2692,Conversas por mensagem iniciadas,1,81.73,2026-09-02,2026-09-02,
[SET]_[N]_Card_Consórcio Day [Permanente],2026-09-02,active,campaign,Autoshow Canoinhas [Chevrolet],4400096113365243,6.22,164,155,2,3.11,Conversas por mensagem iniciadas,1,6.22,2026-09-02,2026-09-02,
[SET]_[N]_Card_Oferta - TM,2026-09-03,inactive,campaign,Autoshow Canoinhas [Chevrolet],4400096113365243,109.63,6484,4306,48,2.28395833,Conversas por mensagem iniciadas,1,109.63,2026-09-03,2026-09-03,
[SET]_[N]_Card_Consórcio Day [Permanente],2026-09-03,active,campaign,Autoshow Canoinhas [Chevrolet],4400096113365243,7.35,326,315,,,,,,2026-09-03,2026-09-03,
[JUN]_[SN]_Carrossel_Oferta,2026-09-03,active,campaign,Autoshow Canoinhas [Chevrolet],4400096113365243,26.28,1391,1054,44,0.59727273,Conversas por mensagem iniciadas,3,8.76,2026-09-03,2026-09-03,
[SET]_[N]_Card_Oferta - TM,2026-09-04,inactive,campaign,Autoshow Canoinhas [Chevrolet],4400096113365243,65.82,4945,3305,28,2.35071429,Conversas por mensagem iniciadas,2,32.91,2026-09-04,2026-09-04,
[SET]_[N]_Card_Consórcio Day [Permanente],2026-09-04,active,campaign,Autoshow Canoinhas [Chevrolet],4400096113365243,3.69,206,192,1,3.69,Conversas por mensagem iniciadas,1,3.69,2026-09-04,2026-09-04,
[JUN]_[SN]_Carrossel_Oferta,2026-09-04,active,campaign,Autoshow Canoinhas [Chevrolet],4400096113365243,24.9,1462,1095,49,0.50816327,Conversas por mensagem iniciadas,6,4.15,2026-09-04,2026-09-04,
[JUN]_[SN]_Carrossel_Oferta,2026-09-05,active,campaign,Autoshow Canoinhas [Chevrolet],4400096113365243,17.6,899,741,29,0.60689655,Conversas por mensagem iniciadas,5,3.52,2026-09-05,2026-09-05,
[SET]_[N]_Card_Oferta - TM,2026-09-05,inactive,campaign,Autoshow Canoinhas [Chevrolet],4400096113365243,51.42,3960,2679,34,1.51235294,Conversas por mensagem iniciadas,4,12.855,2026-09-05,2026-09-05,
[SET]_[N]_Card_Consórcio Day [Permanente],2026-09-05,active,campaign,Autoshow Canoinhas [Chevrolet],4400096113365243,2.53,211,185,1,2.53,,,,2026-09-05,2026-09-05,
[SET]_[N]_Card_Consórcio Day [Permanente],2026-09-06,active,campaign,Autoshow Canoinhas [Chevrolet],4400096113365243,5.93,308,256,1,5.93,,,,2026-09-06,2026-09-06,
[SET]_[N]_Card_Oferta - TM,2026-09-06,inactive,campaign,Autoshow Canoinhas [Chevrolet],4400096113365243,61.47,5742,3836,47,1.30787234,Conversas por mensagem iniciadas,2,30.735,2026-09-06,2026-09-06,
[JUN]_[SN]_Carrossel_Oferta,2026-09-06,active,campaign,Autoshow Canoinhas [Chevrolet],4400096113365243,42.27,2161,1595,66,0.64045455,Conversas por mensagem iniciadas,8,5.28375,2026-09-06,2026-09-06,
[SET]_[N]_Card_Oferta - TM,2026-09-07,inactive,campaign,Autoshow Canoinhas [Chevrolet],4400096113365243,65.21,6602,4626,46,1.4176087,Conversas por mensagem iniciadas,2,32.605,2026-09-07,2026-09-07,
[SET]_[N]_Card_Consórcio Day [Permanente],2026-09-07,active,campaign,Autoshow Canoinhas [Chevrolet],4400096113365243,4.94,331,285,1,4.94,Conversas por mensagem iniciadas,1,4.94,2026-09-07,2026-09-07,
[JUN]_[SN]_Carrossel_Oferta,2026-09-07,active,campaign,Autoshow Canoinhas [Chevrolet],4400096113365243,38.88,2058,1462,88,0.44181818,Conversas por mensagem iniciadas,14,2.77714286,2026-09-07,2026-09-07,
[SET]_[N]_Card_Oferta - TM,2026-09-08,inactive,campaign,Autoshow Canoinhas [Chevrolet],4400096113365243,134.26,9597,6343,40,3.3565,Conversas por mensagem iniciadas,3,44.75333333,2026-09-08,2026-09-08,
[SET]_[N]_Card_Consórcio Day [Permanente],2026-09-08,active,campaign,Autoshow Canoinhas [Chevrolet],4400096113365243,9.38,384,343,4,2.345,Conversas por mensagem iniciadas,3,3.12666667,2026-09-08,2026-09-08,
[JUN]_[SN]_Carrossel_Oferta,2026-09-08,active,campaign,Autoshow Canoinhas [Chevrolet],4400096113365243,33.21,1724,1225,68,0.48838235,Conversas por mensagem iniciadas,5,6.642,2026-09-08,2026-09-08,
[SET]_[N]_Card_Oferta - TM [2],2026-09-08,active,campaign,Autoshow Canoinhas [Chevrolet],4400096113365243,37.0,1945,1520,13,2.84615385,Conversas por mensagem iniciadas,1,37.0,2026-09-08,2026-09-08,
[SET]_[N]_Card_Consórcio Day [Permanente],2026-09-09,active,campaign,Autoshow Canoinhas [Chevrolet],4400096113365243,9.61,409,366,2,4.805,Conversas por mensagem iniciadas,1,9.61,2026-09-09,2026-09-09,
[JUN]_[SN]_Carrossel_Oferta,2026-09-09,active,campaign,Autoshow Canoinhas [Chevrolet],4400096113365243,29.38,1386,963,73,0.40246575,Conversas por mensagem iniciadas,3,9.79333333,2026-09-09,2026-09-09,
[SET]_[N]_Card_Oferta - TM [2],2026-09-09,active,campaign,Autoshow Canoinhas [Chevrolet],4400096113365243,151.09,8868,5710,45,3.35755556,Conversas por mensagem iniciadas,4,37.7725,2026-09-09,2026-09-09,
[JUN]_[SN]_Carrossel_Oferta,2026-09-10,active,campaign,Autoshow Canoinhas [Chevrolet],4400096113365243,22.5,1344,995,59,0.38135593,Conversas por mensagem iniciadas,3,7.5,2026-09-10,2026-09-10,
[SET]_[N]_Card_Consórcio Day [Permanente],2026-09-10,active,campaign,Autoshow Canoinhas [Chevrolet],4400096113365243,6.54,289,254,2,3.27,Conversas por mensagem iniciadas,2,3.27,2026-09-10,2026-09-10,
[SET]_[N]_Card_Oferta - TM [2],2026-09-10,active,campaign,Autoshow Canoinhas [Chevrolet],4400096113365243,113.64,6104,3652,32,3.55125,Conversas por mensagem iniciadas,7,16.23428571,2026-09-10,2026-09-10,
[SET]_[N]_Card_Consórcio Day [Permanente],2026-09-11,active,campaign,Autoshow Canoinhas [Chevrolet],4400096113365243,3.35,176,159,,,,,,2026-09-11,2026-09-11,
[JUN]_[SN]_Carrossel_Oferta,2026-09-11,active,campaign,Autoshow Canoinhas [Chevrolet],4400096113365243,28.38,1819,1382,74,0.38351351,Conversas por mensagem iniciadas,8,3.5475,2026-09-11,2026-09-11,
[SET]_[N]_Card_Oferta - TM [2],2026-09-11,active,campaign,Autoshow Canoinhas [Chevrolet],4400096113365243,77.93,4963,2900,31,2.51387097,Conversas por mensagem iniciadas,2,38.965,2026-09-11,2026-09-11,
[SET]_[PV]_Vídeo_Condição,2026-09-11,active,campaign,Autoshow Canoinhas [Chevrolet],4400096113365243,8.76,426,335,2,4.38,,,,2026-09-11,2026-09-11,
[SET]_[N]_Card_Consórcio Day [Permanente],2026-09-12,active,campaign,Autoshow Canoinhas [Chevrolet],4400096113365243,2.07,124,118,,,,,,2026-09-12,2026-09-12,
[JUN]_[SN]_Carrossel_Oferta,2026-09-12,active,campaign,Autoshow Canoinhas [Chevrolet],4400096113365243,15.38,1087,671,31,0.49612903,Conversas por mensagem iniciadas,5,3.076,2026-09-12,2026-09-12,
[SET]_[N]_Card_Oferta - TM [2],2026-09-12,active,campaign,Autoshow Canoinhas [Chevrolet],4400096113365243,49.15,3439,2295,12,4.09583333,Conversas por mensagem iniciadas,1,49.15,2026-09-12,2026-09-12,
[SET]_[PV]_Vídeo_Condição,2026-09-12,active,campaign,Autoshow Canoinhas [Chevrolet],4400096113365243,17.1,1110,807,4,4.275,Conversas por mensagem iniciadas,1,17.1,2026-09-12,2026-09-12,
[SET]_[N]_Card_Consórcio Day [Permanente],2026-09-13,active,campaign,Autoshow Canoinhas [Chevrolet],4400096113365243,7.58,176,163,1,7.58,Conversas por mensagem iniciadas,1,7.58,2026-09-13,2026-09-13,
[JUN]_[SN]_Carrossel_Oferta,2026-09-13,active,campaign,Autoshow Canoinhas [Chevrolet],4400096113365243,38.11,2329,1258,68,0.56044118,Conversas por mensagem iniciadas,2,19.055,2026-09-13,2026-09-13,
[SET]_[N]_Card_Oferta - TM [2],2026-09-13,active,campaign,Autoshow Canoinhas [Chevrolet],4400096113365243,93.7,6584,3807,46,2.03695652,Conversas por mensagem iniciadas,1,93.7,2026-09-13,2026-09-13,
[SET]_[PV]_Vídeo_Condição,2026-09-13,active,campaign,Autoshow Canoinhas [Chevrolet],4400096113365243,21.74,1462,987,4,5.435,,,,2026-09-13,2026-09-13,
[SET]_[N]_Card_Oferta - TM [2],2026-09-14,active,campaign,Autoshow Canoinhas [Chevrolet],4400096113365243,105.95,6567,4092,30,3.53166667,Conversas por mensagem iniciadas,3,35.31666667,2026-09-14,2026-09-14,
[SET]_[PV]_Vídeo_Condição,2026-09-14,active,campaign,Autoshow Canoinhas [Chevrolet],4400096113365243,21.9,1520,1068,8,2.7375,Conversas por mensagem iniciadas,1,21.9,2026-09-14,2026-09-14,
[JUN]_[SN]_Carrossel_Oferta,2026-09-14,active,campaign,Autoshow Canoinhas [Chevrolet],4400096113365243,41.44,2529,1444,73,0.56767123,Conversas por mensagem iniciadas,13,3.18769231,2026-09-14,2026-09-14,
[SET]_[N]_Card_Consórcio Day [Permanente],2026-09-14,active,campaign,Autoshow Canoinhas [Chevrolet],4400096113365243,7.33,213,198,2,3.665,Conversas por mensagem iniciadas,2,3.665,2026-09-14,2026-09-14,
[SET]_[N]_Card_Consórcio Day [Permanente],2026-09-15,active,campaign,Autoshow Canoinhas [Chevrolet],4400096113365243,8.02,272,254,1,8.02,Conversas por mensagem iniciadas,1,8.02,2026-09-15,2026-09-15,
[JUN]_[SN]_Carrossel_Oferta,2026-09-15,active,campaign,Autoshow Canoinhas [Chevrolet],4400096113365243,33.93,2395,1297,56,0.60589286,Conversas por mensagem iniciadas,6,5.655,2026-09-15,2026-09-15,
[SET]_[N]_Card_Oferta - S10,2026-09-15,active,campaign,Autoshow Canoinhas [Chevrolet],4400096113365243,78.24,5353,3966,44,1.77818182,Conversas por mensagem iniciadas,4,19.56,2026-09-15,2026-09-15,
[SET]_[PV]_Vídeo_Condição,2026-09-15,active,campaign,Autoshow Canoinhas [Chevrolet],4400096113365243,22.82,1608,1193,6,3.80333333,,,,2026-09-15,2026-09-15,
[SET]_[N]_Card_Consórcio Day [Permanente],2026-09-16,active,campaign,Autoshow Canoinhas [Chevrolet],4400096113365243,5.25,147,133,1,5.25,,,,2026-09-16,2026-09-16,
[JUN]_[SN]_Carrossel_Oferta,2026-09-16,active,campaign,Autoshow Canoinhas [Chevrolet],4400096113365243,8.33,602,422,16,0.520625,,,,2026-09-16,2026-09-16,
[SET]_[N]_Card_Oferta - TM [2],2026-09-16,active,campaign,Autoshow Canoinhas [Chevrolet],4400096113365243,42.4,2741,2196,21,2.01904762,Conversas por mensagem iniciadas,3,14.13333333,2026-09-16,2026-09-16,
[SET]_[N]_Card_Oferta - S10,2026-09-16,active,campaign,Autoshow Canoinhas [Chevrolet],4400096113365243,54.34,3876,2718,28,1.94071429,Conversas por mensagem iniciadas,2,27.17,2026-09-16,2026-09-16,
[SET]_[PV]_Vídeo_Condição,2026-09-16,active,campaign,Autoshow Canoinhas [Chevrolet],4400096113365243,8.79,648,548,3,2.93,,,,2026-09-16,2026-09-16,
[JUN]_[SN]_Carrossel_Oferta,2026-09-01,inactive,campaign,Autoshow Joaçaba [Chevrolet],686916755253210,50.3,3328,2235,32,1.571875,Conversas por mensagem iniciadas,1,50.3,2026-09-01,2026-09-01,
[SET]_[N]_Card_Oferta - TM,2026-09-01,inactive,campaign,Autoshow Joaçaba [Chevrolet],686916755253210,60.52,4005,2533,28,2.16142857,,,,2026-09-01,2026-09-01,
[AGO]_[N]_Card_Consórcio Day [Permanente],2026-09-01,active,campaign,Autoshow Joaçaba [Chevrolet],686916755253210,8.85,375,344,,,,,,2026-09-01,2026-09-01,
[AGO]_[N]_Card_Consórcio Day [Permanente],2026-09-02,active,campaign,Autoshow Joaçaba [Chevrolet],686916755253210,6.52,213,190,1,6.52,Conversas por mensagem iniciadas,1,6.52,2026-09-02,2026-09-02,
[SET]_[N]_Card_Oferta - TM,2026-09-02,inactive,campaign,Autoshow Joaçaba [Chevrolet],686916755253210,73.09,4629,2602,38,1.92342105,Conversas por mensagem iniciadas,3,24.36333333,2026-09-02,2026-09-02,
[JUN]_[SN]_Carrossel_Oferta,2026-09-02,inactive,campaign,Autoshow Joaçaba [Chevrolet],686916755253210,6.45,459,392,3,2.15,,,,2026-09-02,2026-09-02,
[SET]_[N]_Card_Oferta - TM,2026-09-03,inactive,campaign,Autoshow Joaçaba [Chevrolet],686916755253210,109.44,8210,4738,51,2.14588235,Conversas por mensagem iniciadas,1,109.44,2026-09-03,2026-09-03,
[AGO]_[N]_Card_Consórcio Day [Permanente],2026-09-03,active,campaign,Autoshow Joaçaba [Chevrolet],686916755253210,6.54,311,276,,,,,,2026-09-03,2026-09-03,
[SET]_[N]_Card_Oferta - TM,2026-09-04,inactive,campaign,Autoshow Joaçaba [Chevrolet],686916755253210,61.48,6072,3546,36,1.70777778,Conversas por mensagem iniciadas,5,12.296,2026-09-04,2026-09-04,
[AGO]_[N]_Card_Consórcio Day [Permanente],2026-09-04,active,campaign,Autoshow Joaçaba [Chevrolet],686916755253210,3.34,279,252,3,1.11333333,Conversas por mensagem iniciadas,2,1.67,2026-09-04,2026-09-04,
[AGO]_[N]_Card_Consórcio Day [Permanente],2026-09-05,active,campaign,Autoshow Joaçaba [Chevrolet],686916755253210,1.86,172,158,1,1.86,,,,2026-09-05,2026-09-05,
[SET]_[N]_Card_Oferta - TM,2026-09-05,inactive,campaign,Autoshow Joaçaba [Chevrolet],686916755253210,59.47,6126,3609,33,1.80212121,Conversas por mensagem iniciadas,1,59.47,2026-09-05,2026-09-05,
[AGO]_[N]_Card_Consórcio Day [Permanente],2026-09-06,active,campaign,Autoshow Joaçaba [Chevrolet],686916755253210,5.76,239,201,,,,,,2026-09-06,2026-09-06,
[SET]_[N]_Card_Oferta - TM,2026-09-06,inactive,campaign,Autoshow Joaçaba [Chevrolet],686916755253210,68.26,7695,4466,36,1.89611111,Conversas por mensagem iniciadas,3,22.75333333,2026-09-06,2026-09-06,
[SET]_[N]_Card_Oferta - TM,2026-09-07,inactive,campaign,Autoshow Joaçaba [Chevrolet],686916755253210,66.25,6897,3965,36,1.84027778,Conversas por mensagem iniciadas,3,22.08333333,2026-09-07,2026-09-07,
[AGO]_[N]_Card_Consórcio Day [Permanente],2026-09-07,active,campaign,Autoshow Joaçaba [Chevrolet],686916755253210,5.06,327,279,1,5.06,,,,2026-09-07,2026-09-07,
[SET]_[N]_Card_Oferta - TM [2],2026-09-08,active,campaign,Autoshow Joaçaba [Chevrolet],686916755253210,39.1,2087,1454,11,3.55454545,,,,2026-09-08,2026-09-08,
[SET]_[N]_Card_Oferta - TM,2026-09-08,inactive,campaign,Autoshow Joaçaba [Chevrolet],686916755253210,135.06,10952,6043,61,2.21409836,Conversas por mensagem iniciadas,1,135.06,2026-09-08,2026-09-08,
[AGO]_[N]_Card_Consórcio Day [Permanente],2026-09-08,active,campaign,Autoshow Joaçaba [Chevrolet],686916755253210,8.58,378,350,,,,,,2026-09-08,2026-09-08,
[SET]_[N]_Card_Oferta - TM [2],2026-09-09,active,campaign,Autoshow Joaçaba [Chevrolet],686916755253210,151.49,11347,6187,66,2.29530303,Conversas por mensagem iniciadas,4,37.8725,2026-09-09,2026-09-09,
[AGO]_[N]_Card_Consórcio Day [Permanente],2026-09-09,active,campaign,Autoshow Joaçaba [Chevrolet],686916755253210,10.01,463,414,,,,,,2026-09-09,2026-09-09,
[SET]_[N]_Card_Oferta - TM [2],2026-09-10,active,campaign,Autoshow Joaçaba [Chevrolet],686916755253210,110.37,7445,3703,33,3.34454545,Conversas por mensagem iniciadas,4,27.5925,2026-09-10,2026-09-10,
[AGO]_[N]_Card_Consórcio Day [Permanente],2026-09-10,active,campaign,Autoshow Joaçaba [Chevrolet],686916755253210,7.24,294,261,3,2.41333333,,,,2026-09-10,2026-09-10,
[SET]_[PV]_Vídeo_Condição,2026-09-11,active,campaign,Autoshow Joaçaba [Chevrolet],686916755253210,6.78,566,461,4,1.695,Conversas por mensagem iniciadas,2,3.39,2026-09-11,2026-09-11,
[SET]_[N]_Card_Oferta - TM [2],2026-09-11,active,campaign,Autoshow Joaçaba [Chevrolet],686916755253210,78.31,5493,3248,33,2.3730303,Conversas por mensagem iniciadas,5,15.662,2026-09-11,2026-09-11,
[AGO]_[N]_Card_Consórcio Day [Permanente],2026-09-11,active,campaign,Autoshow Joaçaba [Chevrolet],686916755253210,3.68,199,167,,,,,,2026-09-11,2026-09-11,
[SET]_[PV]_Vídeo_Condição,2026-09-12,active,campaign,Autoshow Joaçaba [Chevrolet],686916755253210,18.13,1247,948,3,6.04333333,Conversas por mensagem iniciadas,1,18.13,2026-09-12,2026-09-12,
[SET]_[N]_Card_Oferta - TM [2],2026-09-12,active,campaign,Autoshow Joaçaba [Chevrolet],686916755253210,43.3,3699,2332,24,1.80416667,Conversas por mensagem iniciadas,1,43.3,2026-09-12,2026-09-12,
[AGO]_[N]_Card_Consórcio Day [Permanente],2026-09-12,active,campaign,Autoshow Joaçaba [Chevrolet],686916755253210,1.62,93,88,1,1.62,,,,2026-09-12,2026-09-12,
[SET]_[PV]_Vídeo_Condição,2026-09-13,active,campaign,Autoshow Joaçaba [Chevrolet],686916755253210,15.14,806,651,2,7.57,,,,2026-09-13,2026-09-13,
[SET]_[N]_Card_Oferta - TM [2],2026-09-13,active,campaign,Autoshow Joaçaba [Chevrolet],686916755253210,85.93,5806,3369,38,2.26131579,Conversas por mensagem iniciadas,1,85.93,2026-09-13,2026-09-13,
[AGO]_[N]_Card_Consórcio Day [Permanente],2026-09-13,active,campaign,Autoshow Joaçaba [Chevrolet],686916755253210,5.99,259,223,,,,,,2026-09-13,2026-09-13,
[SET]_[N]_Card_Oferta - TM [2],2026-09-14,active,campaign,Autoshow Joaçaba [Chevrolet],686916755253210,108.87,6692,4045,43,2.53186047,Conversas por mensagem iniciadas,3,36.29,2026-09-14,2026-09-14,
[AGO]_[N]_Card_Consórcio Day [Permanente],2026-09-14,active,campaign,Autoshow Joaçaba [Chevrolet],686916755253210,6.1,249,226,,,,,,2026-09-14,2026-09-14,
[SET]_[PV]_Vídeo_Condição,2026-09-14,active,campaign,Autoshow Joaçaba [Chevrolet],686916755253210,21.7,1046,835,1,21.7,Conversas por mensagem iniciadas,1,21.7,2026-09-14,2026-09-14,
[SET]_[N]_Card_Oferta - S10,2026-09-15,active,campaign,Autoshow Joaçaba [Chevrolet],686916755253210,15.11,4598,3187,73,0.2069863,Cliques no link,73,0.2069863,2026-09-15,2026-09-15,
[SET]_[PV]_Vídeo_Condição,2026-09-15,active,campaign,Autoshow Joaçaba [Chevrolet],686916755253210,29.96,1988,1552,7,4.28,,,,2026-09-15,2026-09-15,
[AGO]_[N]_Card_Consórcio Day [Permanente],2026-09-15,active,campaign,Autoshow Joaçaba [Chevrolet],686916755253210,7.53,420,375,2,3.765,,,,2026-09-15,2026-09-15,
[SET]_[N]_Card_Oferta - S10,2026-09-16,active,campaign,Autoshow Joaçaba [Chevrolet],686916755253210,6.97,1995,1621,35,0.19914286,Cliques no link,35,0.19914286,2026-09-16,2026-09-16,
[SET]_[PV]_Vídeo_Condição,2026-09-16,active,campaign,Autoshow Joaçaba [Chevrolet],686916755253210,13.11,832,720,5,2.622,,,,2026-09-16,2026-09-16,
[SET]_[N]_Card_Oferta - TM [2],2026-09-16,active,campaign,Autoshow Joaçaba [Chevrolet],686916755253210,62.19,4312,2984,25,2.4876,Conversas por mensagem iniciadas,2,31.095,2026-09-16,2026-09-16,
[AGO]_[N]_Card_Consórcio Day [Permanente],2026-09-16,active,campaign,Autoshow Joaçaba [Chevrolet],686916755253210,4.27,260,232,,,,,,2026-09-16,2026-09-16,
[SET]_[N]_Card_Oferta - TM,2026-09-01,completed,campaign,Autoshow Mafra [Chevrolet],321216505838340,35.17,1513,1260,12,2.93083333,Conversas por mensagem iniciadas,3,11.72333333,2026-09-01,2026-09-01,
[SET]_[N]_Card_Consórcio Day [Permanente],2026-09-01,active,campaign,Autoshow Mafra [Chevrolet],321216505838340,29.21,833,682,5,5.842,Conversas por mensagem iniciadas,3,9.73666667,2026-09-01,2026-09-01,
[SET]_[N]_Card_Consórcio Day [Permanente],2026-09-02,active,campaign,Autoshow Mafra [Chevrolet],321216505838340,8.66,225,206,4,2.165,Conversas por mensagem iniciadas,2,4.33,2026-09-02,2026-09-02,
[SET]_[N]_Card_Oferta - TM,2026-09-02,completed,campaign,Autoshow Mafra [Chevrolet],321216505838340,34.79,1616,1271,10,3.479,Conversas por mensagem iniciadas,1,34.79,2026-09-02,2026-09-02,
[SET]_[N]_Card_Oferta - TM,2026-09-03,completed,campaign,Autoshow Mafra [Chevrolet],321216505838340,118.1,6571,4855,41,2.8804878,Conversas por mensagem iniciadas,6,19.68333333,2026-09-03,2026-09-03,
[SET]_[N]_Card_Consórcio Day [Permanente],2026-09-03,active,campaign,Autoshow Mafra [Chevrolet],321216505838340,7.78,273,253,,,,,,2026-09-03,2026-09-03,
[SET]_[N]_Card_Oferta - TM,2026-09-04,completed,campaign,Autoshow Mafra [Chevrolet],321216505838340,68.54,5467,3910,44,1.55772727,Conversas por mensagem iniciadas,2,34.27,2026-09-04,2026-09-04,
[SET]_[N]_Card_Consórcio Day [Permanente],2026-09-04,active,campaign,Autoshow Mafra [Chevrolet],321216505838340,5.65,223,213,,,,,,2026-09-04,2026-09-04,
[SET]_[N]_Card_Oferta - TM,2026-09-05,completed,campaign,Autoshow Mafra [Chevrolet],321216505838340,42.35,3004,2218,35,1.21,Conversas por mensagem iniciadas,5,8.47,2026-09-05,2026-09-05,
[SET]_[N]_Card_Consórcio Day [Permanente],2026-09-05,active,campaign,Autoshow Mafra [Chevrolet],321216505838340,3.42,199,187,,,,,,2026-09-05,2026-09-05,
[SET]_[N]_Card_Consórcio Day [Permanente],2026-09-06,active,campaign,Autoshow Mafra [Chevrolet],321216505838340,6.27,281,251,2,3.135,Conversas por mensagem iniciadas,1,6.27,2026-09-06,2026-09-06,
[SET]_[N]_Card_Oferta - TM,2026-09-06,completed,campaign,Autoshow Mafra [Chevrolet],321216505838340,63.68,5409,3960,42,1.51619048,Conversas por mensagem iniciadas,3,21.22666667,2026-09-06,2026-09-06,
[SET]_[N]_Card_Oferta - TM,2026-09-07,completed,campaign,Autoshow Mafra [Chevrolet],321216505838340,64.86,5312,3979,37,1.75297297,Conversas por mensagem iniciadas,2,32.43,2026-09-07,2026-09-07,
[SET]_[N]_Card_Consórcio Day [Permanente],2026-09-07,active,campaign,Autoshow Mafra [Chevrolet],321216505838340,4.22,200,182,2,2.11,Conversas por mensagem iniciadas,1,4.22,2026-09-07,2026-09-07,
[SET]_[N]_Card_Oferta - TM [2],2026-09-08,active,campaign,Autoshow Mafra [Chevrolet],321216505838340,40.39,1589,1333,16,2.524375,Conversas por mensagem iniciadas,2,20.195,2026-09-08,2026-09-08,
[SET]_[N]_Card_Oferta - TM,2026-09-08,completed,campaign,Autoshow Mafra [Chevrolet],321216505838340,134.71,8249,5985,52,2.59057692,Conversas por mensagem iniciadas,3,44.90333333,2026-09-08,2026-09-08,
[SET]_[N]_Card_Consórcio Day [Permanente],2026-09-08,active,campaign,Autoshow Mafra [Chevrolet],321216505838340,9.39,294,268,,,,,,2026-09-08,2026-09-08,
[SET]_[N]_Card_Oferta - TM [2],2026-09-09,active,campaign,Autoshow Mafra [Chevrolet],321216505838340,151.96,7262,4862,56,2.71357143,Conversas por mensagem iniciadas,2,75.98,2026-09-09,2026-09-09,
[SET]_[N]_Card_Consórcio Day [Permanente],2026-09-09,active,campaign,Autoshow Mafra [Chevrolet],321216505838340,9.58,262,247,1,9.58,Conversas por mensagem iniciadas,1,9.58,2026-09-09,2026-09-09,
[SET]_[N]_Card_Oferta - TM [2],2026-09-10,active,campaign,Autoshow Mafra [Chevrolet],321216505838340,106.91,5020,3422,29,3.68655172,Conversas por mensagem iniciadas,4,26.7275,2026-09-10,2026-09-10,
[SET]_[N]_Card_Consórcio Day [Permanente],2026-09-10,active,campaign,Autoshow Mafra [Chevrolet],321216505838340,7.1,221,200,1,7.1,Conversas por mensagem iniciadas,1,7.1,2026-09-10,2026-09-10,
[SET]_[N]_Card_Consórcio Day [Permanente],2026-09-11,active,campaign,Autoshow Mafra [Chevrolet],321216505838340,4.12,132,126,1,4.12,Conversas por mensagem iniciadas,1,4.12,2026-09-11,2026-09-11,
[SET]_[PV]_Vídeo_Condição,2026-09-11,active,campaign,Autoshow Mafra [Chevrolet],321216505838340,6.26,431,324,,,,,,2026-09-11,2026-09-11,
[SET]_[N]_Card_Oferta - TM [2],2026-09-11,active,campaign,Autoshow Mafra [Chevrolet],321216505838340,76.83,3588,2316,28,2.74392857,Conversas por mensagem iniciadas,6,12.805,2026-09-11,2026-09-11,
[SET]_[PV]_Vídeo_Condição,2026-09-12,active,campaign,Autoshow Mafra [Chevrolet],321216505838340,18.12,1081,792,5,3.624,,,,2026-09-12,2026-09-12,
[SET]_[N]_Card_Oferta - TM [2],2026-09-12,active,campaign,Autoshow Mafra [Chevrolet],321216505838340,44.95,2297,1709,17,2.64411765,Conversas por mensagem iniciadas,2,22.475,2026-09-12,2026-09-12,
[SET]_[N]_Card_Consórcio Day [Permanente],2026-09-12,active,campaign,Autoshow Mafra [Chevrolet],321216505838340,1.16,55,52,,,,,,2026-09-12,2026-09-12,
[SET]_[PV]_Vídeo_Condição,2026-09-13,active,campaign,Autoshow Mafra [Chevrolet],321216505838340,17.76,820,634,1,17.76,,,,2026-09-13,2026-09-13,
[SET]_[N]_Card_Oferta - TM [2],2026-09-13,active,campaign,Autoshow Mafra [Chevrolet],321216505838340,81.93,3647,2810,30,2.731,Conversas por mensagem iniciadas,5,16.386,2026-09-13,2026-09-13,
[SET]_[N]_Card_Consórcio Day [Permanente],2026-09-13,active,campaign,Autoshow Mafra [Chevrolet],321216505838340,6.53,146,142,1,6.53,Conversas por mensagem iniciadas,1,6.53,2026-09-13,2026-09-13,
[SET]_[N]_Card_Consórcio Day [Permanente],2026-09-14,active,campaign,Autoshow Mafra [Chevrolet],321216505838340,23.73,336,308,2,11.865,Conversas por mensagem iniciadas,2,11.865,2026-09-14,2026-09-14,
[SET]_[N]_Card_Oferta - TM [2],2026-09-14,active,campaign,Autoshow Mafra [Chevrolet],321216505838340,110.25,4234,3351,46,2.39673913,Conversas por mensagem iniciadas,6,18.375,2026-09-14,2026-09-14,
[SET]_[PV]_Vídeo_Condição,2026-09-14,active,campaign,Autoshow Mafra [Chevrolet],321216505838340,29.5,1233,974,4,7.375,,,,2026-09-14,2026-09-14,
[SET]_[N]_Card_Oferta - S10,2026-09-15,active,campaign,Autoshow Mafra [Chevrolet],321216505838340,18.98,8241,3000,151,0.12569536,Cliques no link,151,0.12569536,2026-09-15,2026-09-15,
[SET]_[PV]_Vídeo_Condição,2026-09-15,active,campaign,Autoshow Mafra [Chevrolet],321216505838340,29.08,1541,1178,1,29.08,Conversas por mensagem iniciadas,1,29.08,2026-09-15,2026-09-15,
[SET]_[N]_Card_Consórcio Day [Permanente],2026-09-15,active,campaign,Autoshow Mafra [Chevrolet],321216505838340,26.63,625,498,4,6.6575,Conversas por mensagem iniciadas,1,26.63,2026-09-15,2026-09-15,
[SET]_[N]_Card_Oferta - S10,2026-09-16,active,campaign,Autoshow Mafra [Chevrolet],321216505838340,6.82,2604,1187,58,0.11758621,Cliques no link,58,0.11758621,2026-09-16,2026-09-16,
[SET]_[PV]_Vídeo_Condição,2026-09-16,active,campaign,Autoshow Mafra [Chevrolet],321216505838340,12.65,674,516,6,2.10833333,Conversas por mensagem iniciadas,1,12.65,2026-09-16,2026-09-16,
[SET]_[N]_Card_Oferta - TM [2],2026-09-16,active,campaign,Autoshow Mafra [Chevrolet],321216505838340,63.69,2754,2217,21,3.03285714,Conversas por mensagem iniciadas,5,12.738,2026-09-16,2026-09-16,
[SET]_[N]_Card_Consórcio Day [Permanente],2026-09-16,active,campaign,Autoshow Mafra [Chevrolet],321216505838340,16.19,314,247,7,2.31285714,Conversas por mensagem iniciadas,6,2.69833333,2026-09-16,2026-09-16,
