Nome do conjunto de anúncios,Dia,Status de veiculação,Nível de veiculação,Nome da conta,Identificação da conta,Impressões,Alcance,Valor usado (BRL),Cliques no link,CPC (custo por clique no link),Tipo de resultado,Resultados,Custo por resultado,Início dos relatórios,Encerramento dos relatórios
[N]_Card_Modelo,2026-07-30,not_delivering,adset,SuperAuto [Mitsubishi],1876369346602489,1,1,0,,,,,,2026-07-30,2026-07-30
[N]_Card_Modelo,2026-07-30,not_delivering,adset,SuperAuto [Mitsubishi],1876369346602489,2,2,0.01,,,,,,2026-07-30,2026-07-30
[SN]_Carrossel_Oferta,2026-07-29,not_delivering,adset,SuperAuto [Mitsubishi],1876369346602489,692,556,11.71,9,130.111.111,Conversas por mensagem iniciadas,3,390.333.333,2026-07-29,2026-07-29
[SN]_Carrossel_Oferta,2026-07-29,not_delivering,adset,SuperAuto [Mitsubishi],1876369346602489,484,412,13.99,4,3.4975,Conversas por mensagem iniciadas,2,6.995,2026-07-29,2026-07-29
[SN]_Carrossel_Oferta,2026-07-29,not_delivering,adset,SuperAuto [Mitsubishi],1876369346602489,602,508,13.53,11,1.23,Conversas por mensagem iniciadas,2,6.765,2026-07-29,2026-07-29
[N]_Card_Modelo,2026-07-29,not_delivering,adset,SuperAuto [Mitsubishi],1876369346602489,691,607,20.07,9,2.23,,,,2026-07-29,2026-07-29
[N]_Card_Modelo,2026-07-29,not_delivering,adset,SuperAuto [Mitsubishi],1876369346602489,1569,1290,21.74,19,114.421.053,,,,2026-07-29,2026-07-29
[N]_Card_Modelo,2026-07-29,not_delivering,adset,SuperAuto [Mitsubishi],1876369346602489,864,749,19.25,15,128.333.333,Leads (formulário),2,9.625,2026-07-29,2026-07-29
[N]_Card_Modelo,2026-07-28,not_delivering,adset,SuperAuto [Mitsubishi],1876369346602489,2409,1989,62.04,34,182.470.588,Leads (formulário),2,31.02,2026-07-28,2026-07-28
[N]_Card_Modelo,2026-07-28,not_delivering,adset,SuperAuto [Mitsubishi],1876369346602489,2770,2217,60.29,27,223.296.296,Leads (formulário),6,1.004.833.333,2026-07-28,2026-07-28
[N]_Card_Modelo,2026-07-28,not_delivering,adset,SuperAuto [Mitsubishi],1876369346602489,4241,3294,61.13,54,113.203.704,Leads (formulário),4,152.825,2026-07-28,2026-07-28
[SN]_Carrossel_Oferta,2026-07-28,not_delivering,adset,SuperAuto [Mitsubishi],1876369346602489,978,775,25.39,10,2.539,Conversas por mensagem iniciadas,2,12.695,2026-07-28,2026-07-28
[SN]_Carrossel_Oferta,2026-07-28,not_delivering,adset,SuperAuto [Mitsubishi],1876369346602489,809,656,25.77,7,368.142.857,Conversas por mensagem iniciadas,1,25.77,2026-07-28,2026-07-28
[SN]_Carrossel_Oferta,2026-07-28,not_delivering,adset,SuperAuto [Mitsubishi],1876369346602489,906,703,27.51,13,211.615.385,Conversas por mensagem iniciadas,2,13.755,2026-07-28,2026-07-28
[SN]_Carrossel_Oferta,2026-07-27,not_delivering,adset,SuperAuto [Mitsubishi],1876369346602489,1025,879,26.75,11,243.181.818,Conversas por mensagem iniciadas,3,891.666.667,2026-07-27,2026-07-27
[SN]_Carrossel_Oferta,2026-07-27,not_delivering,adset,SuperAuto [Mitsubishi],1876369346602489,739,657,27.21,9,302.333.333,Conversas por mensagem iniciadas,3,09.07,2026-07-27,2026-07-27
[SN]_Carrossel_Oferta,2026-07-27,not_delivering,adset,SuperAuto [Mitsubishi],1876369346602489,1117,948,27.22,14,194.428.571,Conversas por mensagem iniciadas,1,27.22,2026-07-27,2026-07-27
[N]_Card_Modelo,2026-07-27,not_delivering,adset,SuperAuto [Mitsubishi],1876369346602489,3137,2543,62.6,39,160.512.821,Leads (formulário),2,31.3,2026-07-27,2026-07-27
[N]_Card_Modelo,2026-07-27,not_delivering,adset,SuperAuto [Mitsubishi],1876369346602489,4902,3739,59.68,28,213.142.857,Leads (formulário),2,29.84,2026-07-27,2026-07-27
[N]_Card_Modelo,2026-07-27,not_delivering,adset,SuperAuto [Mitsubishi],1876369346602489,2661,2123,52.59,38,138.394.737,Leads (formulário),3,17.53,2026-07-27,2026-07-27
[N]_Card_Modelo,2026-07-26,not_delivering,adset,SuperAuto [Mitsubishi],1876369346602489,3237,2570,72.38,44,1.645,Leads (formulário),3,2.412.666.667,2026-07-26,2026-07-26
[N]_Card_Modelo,2026-07-26,not_delivering,adset,SuperAuto [Mitsubishi],1876369346602489,3569,2848,77.88,54,144.222.222,Leads (formulário),9,865.333.333,2026-07-26,2026-07-26
[N]_Card_Modelo,2026-07-26,not_delivering,adset,SuperAuto [Mitsubishi],1876369346602489,5740,4267,71.94,53,135.735.849,Leads (formulário),1,71.94,2026-07-26,2026-07-26
[SN]_Carrossel_Oferta,2026-07-26,not_delivering,adset,SuperAuto [Mitsubishi],1876369346602489,1151,926,25.28,20,1.264,Conversas por mensagem iniciadas,3,842.666.667,2026-07-26,2026-07-26
[SN]_Carrossel_Oferta,2026-07-26,not_delivering,adset,SuperAuto [Mitsubishi],1876369346602489,885,740,28.75,6,479.166.667,Conversas por mensagem iniciadas,1,28.75,2026-07-26,2026-07-26
[SN]_Carrossel_Oferta,2026-07-26,not_delivering,adset,SuperAuto [Mitsubishi],1876369346602489,1255,990,25.62,18,142.333.333,Conversas por mensagem iniciadas,1,25.62,2026-07-26,2026-07-26
[SN]_Carrossel_Oferta,2026-07-25,not_delivering,adset,SuperAuto [Mitsubishi],1876369346602489,458,362,9.13,6,152.166.667,,,,2026-07-25,2026-07-25
[SN]_Carrossel_Oferta,2026-07-25,not_delivering,adset,SuperAuto [Mitsubishi],1876369346602489,651,557,13.16,3,438.666.667,,,,2026-07-25,2026-07-25
[SN]_Carrossel_Oferta,2026-07-25,not_delivering,adset,SuperAuto [Mitsubishi],1876369346602489,715,612,11.46,8,1.4325,Conversas por mensagem iniciadas,1,11.46,2026-07-25,2026-07-25
[N]_Card_Modelo,2026-07-25,not_delivering,adset,SuperAuto [Mitsubishi],1876369346602489,2208,1777,50.42,20,2.521,,,,2026-07-25,2026-07-25
[N]_Card_Modelo,2026-07-25,not_delivering,adset,SuperAuto [Mitsubishi],1876369346602489,4174,3176,49.64,34,1.46,Leads (formulário),1,49.64,2026-07-25,2026-07-25
[N]_Card_Modelo,2026-07-25,not_delivering,adset,SuperAuto [Mitsubishi],1876369346602489,2027,1643,52.68,33,159.636.364,Leads (formulário),5,10.536,2026-07-25,2026-07-25
[SN]_Carrossel_Oferta,2026-07-24,not_delivering,adset,SuperAuto [Mitsubishi],1876369346602489,840,749,20.83,19,109.631.579,Conversas por mensagem iniciadas,3,694.333.333,2026-07-24,2026-07-24
[N]_Card_Modelo,2026-07-24,not_delivering,adset,SuperAuto [Mitsubishi],1876369346602489,2051,1601,57.44,28,205.142.857,Leads (formulário),3,1.914.666.667,2026-07-24,2026-07-24
[N]_Card_Modelo,2026-07-24,not_delivering,adset,SuperAuto [Mitsubishi],1876369346602489,4834,3628,60.08,30,200.266.667,Leads (formulário),4,15.02,2026-07-24,2026-07-24
[SN]_Carrossel_Oferta,2026-07-24,not_delivering,adset,SuperAuto [Mitsubishi],1876369346602489,759,639,13.32,9,1.48,Conversas por mensagem iniciadas,1,13.32,2026-07-24,2026-07-24
[N]_Card_Modelo,2026-07-24,not_delivering,adset,SuperAuto [Mitsubishi],1876369346602489,2702,2166,58.5,30,1.95,,,,2026-07-24,2026-07-24
[SN]_Carrossel_Oferta,2026-07-24,not_delivering,adset,SuperAuto [Mitsubishi],1876369346602489,824,658,18.4,11,167.272.727,Conversas por mensagem iniciadas,3,613.333.333,2026-07-24,2026-07-24
[N]_Card_Modelo,2026-07-23,not_delivering,adset,SuperAuto [Mitsubishi],1876369346602489,2124,1716,55.86,28,1.995,Leads (formulário),4,13.965,2026-07-23,2026-07-23
[SN]_Carrossel_Oferta,2026-07-23,not_delivering,adset,SuperAuto [Mitsubishi],1876369346602489,769,560,17.16,9,190.666.667,,,,2026-07-23,2026-07-23
[SN]_Carrossel_Oferta,2026-07-23,not_delivering,adset,SuperAuto [Mitsubishi],1876369346602489,944,757,22.63,21,107.761.905,Conversas por mensagem iniciadas,1,22.63,2026-07-23,2026-07-23
[SN]_Carrossel_Oferta,2026-07-23,not_delivering,adset,SuperAuto [Mitsubishi],1876369346602489,860,695,19.13,12,159.416.667,,,,2026-07-23,2026-07-23
[N]_Card_Modelo,2026-07-23,not_delivering,adset,SuperAuto [Mitsubishi],1876369346602489,2431,1954,54.41,33,164.878.788,Leads (formulário),1,54.41,2026-07-23,2026-07-23
[N]_Card_Modelo,2026-07-23,not_delivering,adset,SuperAuto [Mitsubishi],1876369346602489,3959,3016,51.66,35,1.476,,,,2026-07-23,2026-07-23
[N]_Card_Modelo,2026-07-22,not_delivering,adset,SuperAuto [Mitsubishi],1876369346602489,2656,2172,58.01,32,18.128.125,Leads (formulário),2,29.005,2026-07-22,2026-07-22
[N]_Card_Modelo,2026-07-22,not_delivering,adset,SuperAuto [Mitsubishi],1876369346602489,2926,2448,57.33,31,184.935.484,Leads (formulário),3,19.11,2026-07-22,2026-07-22
[N]_Card_Modelo,2026-07-22,not_delivering,adset,SuperAuto [Mitsubishi],1876369346602489,4756,3716,59.23,35,169.228.571,Leads (formulário),1,59.23,2026-07-22,2026-07-22
[SN]_Carrossel_Oferta,2026-07-22,not_delivering,adset,SuperAuto [Mitsubishi],1876369346602489,1015,838,21.63,21,01.03,Conversas por mensagem iniciadas,1,21.63,2026-07-22,2026-07-22
[SN]_Carrossel_Oferta,2026-07-22,not_delivering,adset,SuperAuto [Mitsubishi],1876369346602489,1301,1079,20.48,15,136.533.333,,,,2026-07-22,2026-07-22
[SN]_Carrossel_Oferta,2026-07-22,not_delivering,adset,SuperAuto [Mitsubishi],1876369346602489,1036,816,18.93,13,145.615.385,Conversas por mensagem iniciadas,1,18.93,2026-07-22,2026-07-22
[SN]_Carrossel_Oferta,2026-07-21,not_delivering,adset,SuperAuto [Mitsubishi],1876369346602489,788,587,23.78,12,198.166.667,,,,2026-07-21,2026-07-21
[SN]_Carrossel_Oferta,2026-07-21,not_delivering,adset,SuperAuto [Mitsubishi],1876369346602489,1083,881,27.21,18,151.166.667,Conversas por mensagem iniciadas,2,13.605,2026-07-21,2026-07-21
[SN]_Carrossel_Oferta,2026-07-21,not_delivering,adset,SuperAuto [Mitsubishi],1876369346602489,1118,866,23.25,21,110.714.286,Conversas por mensagem iniciadas,2,11.625,2026-07-21,2026-07-21
[N]_Card_Modelo,2026-07-21,not_delivering,adset,SuperAuto [Mitsubishi],1876369346602489,2633,2094,65.72,40,1.643,Leads (formulário),2,32.86,2026-07-21,2026-07-21
[N]_Card_Modelo,2026-07-21,not_delivering,adset,SuperAuto [Mitsubishi],1876369346602489,5570,3853,67.89,29,234.103.448,Leads (formulário),3,22.63,2026-07-21,2026-07-21
[N]_Card_Modelo,2026-07-21,not_delivering,adset,SuperAuto [Mitsubishi],1876369346602489,3150,2405,63.24,44,143.727.273,Leads (formulário),4,15.81,2026-07-21,2026-07-21
[N]_Card_Modelo,2026-07-20,not_delivering,adset,SuperAuto [Mitsubishi],1876369346602489,2540,2147,61.01,41,148.804.878,Leads (formulário),3,2.033.666.667,2026-07-20,2026-07-20
[N]_Card_Modelo,2026-07-20,not_delivering,adset,SuperAuto [Mitsubishi],1876369346602489,3471,2714,62.84,47,133.702.128,Leads (formulário),5,12.568,2026-07-20,2026-07-20
[N]_Card_Modelo,2026-07-20,not_delivering,adset,SuperAuto [Mitsubishi],1876369346602489,4221,3107,61.36,33,185.939.394,Leads (formulário),1,61.36,2026-07-20,2026-07-20
[SN]_Carrossel_Oferta,2026-07-20,not_delivering,adset,SuperAuto [Mitsubishi],1876369346602489,1294,1044,24.11,18,133.944.444,Conversas por mensagem iniciadas,2,12.055,2026-07-20,2026-07-20
[SN]_Carrossel_Oferta,2026-07-20,not_delivering,adset,SuperAuto [Mitsubishi],1876369346602489,942,817,19.21,13,147.769.231,,,,2026-07-20,2026-07-20
[SN]_Carrossel_Oferta,2026-07-20,not_delivering,adset,SuperAuto [Mitsubishi],1876369346602489,1030,749,25.44,16,1.59,Conversas por mensagem iniciadas,1,25.44,2026-07-20,2026-07-20
[SN]_Carrossel_Oferta,2026-07-19,not_delivering,adset,SuperAuto [Mitsubishi],1876369346602489,1157,875,27.09,24,112.875,Conversas por mensagem iniciadas,2,13.545,2026-07-19,2026-07-19
[SN]_Carrossel_Oferta,2026-07-19,not_delivering,adset,SuperAuto [Mitsubishi],1876369346602489,1078,789,22.68,16,1.4175,Conversas por mensagem iniciadas,1,22.68,2026-07-19,2026-07-19
[SN]_Carrossel_Oferta,2026-07-19,not_delivering,adset,SuperAuto [Mitsubishi],1876369346602489,1230,964,20.64,20,1.032,,,,2026-07-19,2026-07-19
[N]_Card_Modelo,2026-07-19,not_delivering,adset,SuperAuto [Mitsubishi],1876369346602489,3531,2780,71.87,34,211.382.353,Leads (formulário),3,2.395.666.667,2026-07-19,2026-07-19
[N]_Card_Modelo,2026-07-19,not_delivering,adset,SuperAuto [Mitsubishi],1876369346602489,5537,4067,70.14,51,137.529.412,Leads (formulário),2,35.07,2026-07-19,2026-07-19
[N]_Card_Modelo,2026-07-19,not_delivering,adset,SuperAuto [Mitsubishi],1876369346602489,3647,2735,70.44,59,119.389.831,Leads (formulário),10,7.044,2026-07-19,2026-07-19
[N]_Card_Modelo,2026-07-18,not_delivering,adset,SuperAuto [Mitsubishi],1876369346602489,1683,1410,41.67,10,4.167,,,,2026-07-18,2026-07-18
[N]_Card_Modelo,2026-07-18,not_delivering,adset,SuperAuto [Mitsubishi],1876369346602489,1807,1489,41.92,25,1.6768,Leads (formulário),3,1.397.333.333,2026-07-18,2026-07-18
[N]_Card_Modelo,2026-07-18,not_delivering,adset,SuperAuto [Mitsubishi],1876369346602489,2884,2270,44.9,33,136.060.606,,,,2026-07-18,2026-07-18
[SN]_Carrossel_Oferta,2026-07-18,not_delivering,adset,SuperAuto [Mitsubishi],1876369346602489,497,403,8.49,10,849,Conversas por mensagem iniciadas,3,2.83,2026-07-18,2026-07-18
[SN]_Carrossel_Oferta,2026-07-18,not_delivering,adset,SuperAuto [Mitsubishi],1876369346602489,736,584,13.59,8,169.875,Conversas por mensagem iniciadas,4,3.3975,2026-07-18,2026-07-18
[SN]_Carrossel_Oferta,2026-07-18,not_delivering,adset,SuperAuto [Mitsubishi],1876369346602489,600,483,9.51,10,951,Conversas por mensagem iniciadas,1,9.51,2026-07-18,2026-07-18
[N]_Card_Loja,2026-07-18,not_delivering,adset,SuperAuto [Mitsubishi],1876369346602489,42711,42432,55.78,3,1.859.333.333,Alcance,42432,131.457.391,2026-07-18,2026-07-18
[SN]_Carrossel_Oferta,2026-07-17,not_delivering,adset,SuperAuto [Mitsubishi],1876369346602489,1029,855,19.71,17,115.941.176,,,,2026-07-17,2026-07-17
[N]_Card_Modelo,2026-07-17,not_delivering,adset,SuperAuto [Mitsubishi],1876369346602489,3433,2843,63.6,32,1.9875,Leads (formulário),2,31.8,2026-07-17,2026-07-17
[N]_Card_Modelo,2026-07-17,not_delivering,adset,SuperAuto [Mitsubishi],1876369346602489,1757,1537,62.95,42,149.880.952,Leads (formulário),4,157.375,2026-07-17,2026-07-17
[N]_Card_Modelo,2026-07-17,not_delivering,adset,SuperAuto [Mitsubishi],1876369346602489,2259,1919,62.27,39,159.666.667,Leads (formulário),4,155.675,2026-07-17,2026-07-17
[SN]_Carrossel_Oferta,2026-07-17,not_delivering,adset,SuperAuto [Mitsubishi],1876369346602489,897,681,16.22,16,101.375,Conversas por mensagem iniciadas,4,4.055,2026-07-17,2026-07-17
[SN]_Carrossel_Oferta,2026-07-17,not_delivering,adset,SuperAuto [Mitsubishi],1876369346602489,791,607,17.77,15,118.466.667,Conversas por mensagem iniciadas,4,4.4425,2026-07-17,2026-07-17
[N]_Card_Loja,2026-07-17,not_delivering,adset,SuperAuto [Mitsubishi],1876369346602489,84189,78764,108.19,5,21.638,Alcance,78764,137.359.707,2026-07-17,2026-07-17
[N]_Card_Loja,2026-07-16,not_delivering,adset,SuperAuto [Mitsubishi],1876369346602489,84001,78943,100.26,2,50.13,Alcance,78943,127.003.028,2026-07-16,2026-07-16
[SN]_Carrossel_Oferta,2026-07-16,not_delivering,adset,SuperAuto [Mitsubishi],1876369346602489,1160,909,20.11,22,91.409.091,Conversas por mensagem iniciadas,3,670.333.333,2026-07-16,2026-07-16
[SN]_Carrossel_Oferta,2026-07-16,not_delivering,adset,SuperAuto [Mitsubishi],1876369346602489,945,730,20.12,12,167.666.667,Conversas por mensagem iniciadas,1,20.12,2026-07-16,2026-07-16
[SN]_Carrossel_Oferta,2026-07-16,not_delivering,adset,SuperAuto [Mitsubishi],1876369346602489,1065,841,16.51,15,110.066.667,,,,2026-07-16,2026-07-16
[N]_Card_Modelo,2026-07-16,not_delivering,adset,SuperAuto [Mitsubishi],1876369346602489,2207,1865,86.03,45,191.177.778,Leads (formulário),4,215.075,2026-07-16,2026-07-16
[N]_Card_Modelo,2026-07-16,not_delivering,adset,SuperAuto [Mitsubishi],1876369346602489,4154,3451,77.2,42,183.809.524,Leads (formulário),1,77.2,2026-07-16,2026-07-16
[N]_Card_Modelo,2026-07-16,not_delivering,adset,SuperAuto [Mitsubishi],1876369346602489,2517,2037,85.48,52,164.384.615,Leads (formulário),6,1.424.666.667,2026-07-16,2026-07-16
[SN]_Carrossel_Oferta,2026-07-15,not_delivering,adset,SuperAuto [Mitsubishi],1876369346602489,1384,1078,24.75,17,145.588.235,Conversas por mensagem iniciadas,2,12.375,2026-07-15,2026-07-15
[N]_Card_Loja,2026-07-15,not_delivering,adset,SuperAuto [Mitsubishi],1876369346602489,84172,83758,96,4,24,Alcance,83758,114.615.917,2026-07-15,2026-07-15
[SN]_Carrossel_Oferta,2026-07-15,not_delivering,adset,SuperAuto [Mitsubishi],1876369346602489,921,703,26.28,10,2.628,Conversas por mensagem iniciadas,2,13.14,2026-07-15,2026-07-15
[SN]_Carrossel_Oferta,2026-07-15,not_delivering,adset,SuperAuto [Mitsubishi],1876369346602489,939,763,25.94,28,92.642.857,Conversas por mensagem iniciadas,4,6.485,2026-07-15,2026-07-15
[N]_Card_Modelo,2026-07-15,not_delivering,adset,SuperAuto [Mitsubishi],1876369346602489,3225,2854,93.07,63,147.730.159,Leads (formulário),1,93.07,2026-07-15,2026-07-15
[N]_Card_Modelo,2026-07-15,not_delivering,adset,SuperAuto [Mitsubishi],1876369346602489,6467,5538,107.1,60,1.785,Leads (formulário),4,26.775,2026-07-15,2026-07-15
[N]_Card_Modelo,2026-07-15,not_delivering,adset,SuperAuto [Mitsubishi],1876369346602489,3464,2830,98.13,57,172.157.895,Leads (formulário),3,32.71,2026-07-15,2026-07-15
[SN]_Carrossel_Oferta,2026-07-14,not_delivering,adset,SuperAuto [Mitsubishi],1876369346602489,1369,1081,27.2,19,143.157.895,Conversas por mensagem iniciadas,1,27.2,2026-07-14,2026-07-14
[N]_Card_Modelo,2026-07-14,not_delivering,adset,SuperAuto [Mitsubishi],1876369346602489,3460,2779,109.59,56,195.696.429,Leads (formulário),3,36.53,2026-07-14,2026-07-14
[N]_Card_Modelo,2026-07-14,not_delivering,adset,SuperAuto [Mitsubishi],1876369346602489,2572,2246,94.52,54,175.037.037,Leads (formulário),3,3.150.666.667,2026-07-14,2026-07-14
[N]_Card_Modelo,2026-07-14,not_delivering,adset,SuperAuto [Mitsubishi],1876369346602489,5685,4818,93.63,67,139.746.269,Leads (formulário),5,18.726,2026-07-14,2026-07-14
[SN]_Carrossel_Oferta,2026-07-14,not_delivering,adset,SuperAuto [Mitsubishi],1876369346602489,899,713,23.97,13,184.384.615,Conversas por mensagem iniciadas,3,7.99,2026-07-14,2026-07-14
[SN]_Carrossel_Oferta,2026-07-14,not_delivering,adset,SuperAuto [Mitsubishi],1876369346602489,896,690,21.8,12,181.666.667,Conversas por mensagem iniciadas,1,21.8,2026-07-14,2026-07-14
[N]_Card_Loja,2026-07-14,not_delivering,adset,SuperAuto [Mitsubishi],1876369346602489,35709,35478,31.64,2,15.82,Alcance,35478,89.182.028,2026-07-14,2026-07-14
[SN]_Carrossel_Oferta,2026-07-13,not_delivering,adset,SuperAuto [Mitsubishi],1876369346602489,900,727,21.51,16,1.344.375,Conversas por mensagem iniciadas,2,10.755,2026-07-13,2026-07-13
[SN]_Carrossel_Oferta,2026-07-13,not_delivering,adset,SuperAuto [Mitsubishi],1876369346602489,721,580,19.56,15,1.304,,,,2026-07-13,2026-07-13
[SN]_Carrossel_Oferta,2026-07-13,not_delivering,adset,SuperAuto [Mitsubishi],1876369346602489,658,506,16.49,13,126.846.154,Conversas por mensagem iniciadas,2,8.245,2026-07-13,2026-07-13
[N]_Card_Modelo,2026-07-13,not_delivering,adset,SuperAuto [Mitsubishi],1876369346602489,3212,2681,103.45,65,159.153.846,Leads (formulário),4,258.625,2026-07-13,2026-07-13
[N]_Card_Modelo,2026-07-13,not_delivering,adset,SuperAuto [Mitsubishi],1876369346602489,6776,5416,100.02,63,158.761.905,,,,2026-07-13,2026-07-13
[N]_Card_Modelo,2026-07-13,not_delivering,adset,SuperAuto [Mitsubishi],1876369346602489,4176,3295,104.17,65,160.261.538,Leads (formulário),7,1.488.142.857,2026-07-13,2026-07-13
[N]_Card_Modelo,2026-07-12,not_delivering,adset,SuperAuto [Mitsubishi],1876369346602489,5259,4389,130.69,96,136.135.417,Leads (formulário),5,26.138,2026-07-12,2026-07-12
[N]_Card_Modelo,2026-07-12,not_delivering,adset,SuperAuto [Mitsubishi],1876369346602489,9300,7395,122.11,87,140.356.322,Leads (formulário),4,305.275,2026-07-12,2026-07-12
[N]_Card_Modelo,2026-07-12,not_delivering,adset,SuperAuto [Mitsubishi],1876369346602489,5244,4079,111.04,60,185.066.667,Leads (formulário),4,27.76,2026-07-12,2026-07-12
[SN]_Carrossel_Oferta,2026-07-12,not_delivering,adset,SuperAuto [Mitsubishi],1876369346602489,1211,939,21.54,21,102.571.429,Conversas por mensagem iniciadas,1,21.54,2026-07-12,2026-07-12
[SN]_Carrossel_Oferta,2026-07-12,not_delivering,adset,SuperAuto [Mitsubishi],1876369346602489,1179,964,24.61,20,1.2305,,,,2026-07-12,2026-07-12
[SN]_Carrossel_Oferta,2026-07-12,not_delivering,adset,SuperAuto [Mitsubishi],1876369346602489,832,631,23.96,15,159.733.333,,,,2026-07-12,2026-07-12
[SN]_Carrossel_Oferta,2026-07-11,not_delivering,adset,SuperAuto [Mitsubishi],1876369346602489,654,540,11,14,78.571.429,,,,2026-07-11,2026-07-11
[SN]_Carrossel_Oferta,2026-07-11,not_delivering,adset,SuperAuto [Mitsubishi],1876369346602489,699,576,10.57,10,1.057,Conversas por mensagem iniciadas,3,352.333.333,2026-07-11,2026-07-11
[SN]_Carrossel_Oferta,2026-07-11,not_delivering,adset,SuperAuto [Mitsubishi],1876369346602489,691,567,11.14,10,1.114,Conversas por mensagem iniciadas,1,11.14,2026-07-11,2026-07-11
[N]_Card_Modelo,2026-07-11,not_delivering,adset,SuperAuto [Mitsubishi],1876369346602489,3367,2962,93.97,75,125.293.333,Leads (formulário),2,46.985,2026-07-11,2026-07-11
[N]_Card_Modelo,2026-07-11,not_delivering,adset,SuperAuto [Mitsubishi],1876369346602489,5287,4432,77.3,63,122.698.413,Leads (formulário),5,15.46,2026-07-11,2026-07-11
[N]_Card_Modelo,2026-07-11,not_delivering,adset,SuperAuto [Mitsubishi],1876369346602489,2820,2346,73.79,47,1.57,Leads (formulário),6,1.229.833.333,2026-07-11,2026-07-11
[N]_Card_Modelo,2026-07-10,not_delivering,adset,SuperAuto [Mitsubishi],1876369346602489,2802,2436,67.27,48,140.145.833,Leads (formulário),2,33.635,2026-07-10,2026-07-10
[N]_Card_Modelo,2026-07-10,not_delivering,adset,SuperAuto [Mitsubishi],1876369346602489,5023,4244,96.98,88,110.204.545,Leads (formulário),4,24.245,2026-07-10,2026-07-10
[N]_Card_Modelo,2026-07-10,not_delivering,adset,SuperAuto [Mitsubishi],1876369346602489,3446,3118,90.9,58,156.724.138,Leads (formulário),2,45.45,2026-07-10,2026-07-10
[SN]_Carrossel_Oferta,2026-07-10,not_delivering,adset,SuperAuto [Mitsubishi],1876369346602489,880,683,24.29,12,202.416.667,Conversas por mensagem iniciadas,3,809.666.667,2026-07-10,2026-07-10
[SN]_Carrossel_Oferta,2026-07-10,not_delivering,adset,SuperAuto [Mitsubishi],1876369346602489,572,489,15.06,14,107.571.429,Conversas por mensagem iniciadas,1,15.06,2026-07-10,2026-07-10
[SN]_Carrossel_Oferta,2026-07-10,not_delivering,adset,SuperAuto [Mitsubishi],1876369346602489,572,463,21.01,14,150.071.429,Conversas por mensagem iniciadas,2,10.505,2026-07-10,2026-07-10
[SN]_Carrossel_Oferta,2026-07-09,not_delivering,adset,SuperAuto [Mitsubishi],1876369346602489,876,674,22.69,15,151.266.667,Conversas por mensagem iniciadas,1,22.69,2026-07-09,2026-07-09
[SN]_Carrossel_Oferta,2026-07-09,not_delivering,adset,SuperAuto [Mitsubishi],1876369346602489,1208,996,25.9,19,136.315.789,Conversas por mensagem iniciadas,2,12.95,2026-07-09,2026-07-09
[SN]_Carrossel_Oferta,2026-07-09,not_delivering,adset,SuperAuto [Mitsubishi],1876369346602489,965,733,21.69,12,1.8075,,,,2026-07-09,2026-07-09
[N]_Card_Modelo,2026-07-09,not_delivering,adset,SuperAuto [Mitsubishi],1876369346602489,4132,3781,99.43,65,152.969.231,Leads (formulário),3,3.314.333.333,2026-07-09,2026-07-09
[N]_Card_Modelo,2026-07-09,not_delivering,adset,SuperAuto [Mitsubishi],1876369346602489,3781,3263,107.05,53,201.981.132,Leads (formulário),1,107.05,2026-07-09,2026-07-09
[N]_Card_Modelo,2026-07-09,not_delivering,adset,SuperAuto [Mitsubishi],1876369346602489,2850,2284,96.48,44,219.272.727,Leads (formulário),6,16.08,2026-07-09,2026-07-09
[N]_Card_Modelo,2026-07-08,not_delivering,adset,SuperAuto [Mitsubishi],1876369346602489,3275,2736,118.82,49,242.489.796,Leads (formulário),4,29.705,2026-07-08,2026-07-08
Até R$250 mil,2026-07-08,not_delivering,adset,SuperAuto [Mitsubishi],1876369346602489,809,683,12.29,7,175.571.429,Conversas por mensagem iniciadas,1,12.29,2026-07-08,2026-07-08
Até R$150 mil,2026-07-08,not_delivering,adset,SuperAuto [Mitsubishi],1876369346602489,761,689,7.29,5,1.458,,,,2026-07-08,2026-07-08
Mais de R$250 mil,2026-07-08,not_delivering,adset,SuperAuto [Mitsubishi],1876369346602489,1513,1288,14.98,24,62.416.667,Conversas por mensagem iniciadas,3,499.333.333,2026-07-08,2026-07-08
[N]_Card_Modelo,2026-07-08,not_delivering,adset,SuperAuto [Mitsubishi],1876369346602489,4179,3733,97.61,54,180.759.259,Leads (formulário),1,97.61,2026-07-08,2026-07-08
[N]_Card_Modelo,2026-07-08,not_delivering,adset,SuperAuto [Mitsubishi],1876369346602489,3932,3620,94.75,70,135.357.143,Leads (formulário),2,47.375,2026-07-08,2026-07-08
[SN]_Carrossel_Oferta,2026-07-08,not_delivering,adset,SuperAuto [Mitsubishi],1876369346602489,532,451,9.36,15,624,Conversas por mensagem iniciadas,1,9.36,2026-07-08,2026-07-08
[SN]_Carrossel_Oferta,2026-07-08,not_delivering,adset,SuperAuto [Mitsubishi],1876369346602489,829,785,14.97,15,998,Conversas por mensagem iniciadas,1,14.97,2026-07-08,2026-07-08
[SN]_Carrossel_Oferta,2026-07-08,not_delivering,adset,SuperAuto [Mitsubishi],1876369346602489,640,538,11.64,17,68.470.588,Conversas por mensagem iniciadas,3,3.88,2026-07-08,2026-07-08
Mais de R$250 mil,2026-07-07,not_delivering,adset,SuperAuto [Mitsubishi],1876369346602489,2663,2032,23.81,21,113.380.952,,,,2026-07-07,2026-07-07
Até R$250 mil,2026-07-07,not_delivering,adset,SuperAuto [Mitsubishi],1876369346602489,1878,1578,18,26,69.230.769,Conversas por mensagem iniciadas,2,9,2026-07-07,2026-07-07
Até R$150 mil,2026-07-07,not_delivering,adset,SuperAuto [Mitsubishi],1876369346602489,1154,940,8.77,5,1.754,,,,2026-07-07,2026-07-07
[N]_Card_Modelo,2026-07-07,not_delivering,adset,SuperAuto [Mitsubishi],1876369346602489,4575,3424,123.07,62,1.985,Leads (formulário),8,1.538.375,2026-07-07,2026-07-07
[N]_Card_Modelo,2026-07-07,not_delivering,adset,SuperAuto [Mitsubishi],1876369346602489,5562,4399,100.19,75,133.586.667,Leads (formulário),1,100.19,2026-07-07,2026-07-07
[N]_Card_Modelo,2026-07-07,not_delivering,adset,SuperAuto [Mitsubishi],1876369346602489,4960,4279,106.71,78,136.807.692,,,,2026-07-07,2026-07-07
[N]_Card_Modelo,2026-07-06,not_delivering,adset,SuperAuto [Mitsubishi],1876369346602489,7453,6774,114.4,136,84.117.647,,,,2026-07-06,2026-07-06
[N]_Card_Modelo,2026-07-06,not_delivering,adset,SuperAuto [Mitsubishi],1876369346602489,8693,7336,111.57,59,189.101.695,,,,2026-07-06,2026-07-06
[N]_Card_Modelo,2026-07-06,not_delivering,adset,SuperAuto [Mitsubishi],1876369346602489,6570,5351,152.59,108,141.287.037,Leads (formulário),5,30.518,2026-07-06,2026-07-06
Mais de R$250 mil,2026-07-06,not_delivering,adset,SuperAuto [Mitsubishi],1876369346602489,1705,1474,14.15,18,78.611.111,Conversas por mensagem iniciadas,1,14.15,2026-07-06,2026-07-06
Até R$150 mil,2026-07-06,not_delivering,adset,SuperAuto [Mitsubishi],1876369346602489,1803,1487,21.57,19,113.526.316,Conversas por mensagem iniciadas,1,21.57,2026-07-06,2026-07-06
Até R$250 mil,2026-07-06,not_delivering,adset,SuperAuto [Mitsubishi],1876369346602489,2665,2034,22.87,26,87.961.538,Conversas por mensagem iniciadas,3,762.333.333,2026-07-06,2026-07-06
Mais de R$250 mil,2026-07-05,not_delivering,adset,SuperAuto [Mitsubishi],1876369346602489,816,692,7.76,8,0.97,,,,2026-07-05,2026-07-05
Até R$250 mil,2026-07-05,not_delivering,adset,SuperAuto [Mitsubishi],1876369346602489,3396,2403,32.4,45,0.72,Conversas por mensagem iniciadas,4,8.1,2026-07-05,2026-07-05
Até R$150 mil,2026-07-05,not_delivering,adset,SuperAuto [Mitsubishi],1876369346602489,1892,1460,24.43,21,116.333.333,Conversas por mensagem iniciadas,1,24.43,2026-07-05,2026-07-05
[N]_Card_Modelo,2026-07-05,not_delivering,adset,SuperAuto [Mitsubishi],1876369346602489,9267,7249,244.67,159,153.880.503,Leads (formulário),7,3.495.285.714,2026-07-05,2026-07-05
[N]_Card_Modelo,2026-07-05,not_delivering,adset,SuperAuto [Mitsubishi],1876369346602489,10295,8404,176.17,218,80.811.927,Leads (formulário),1,176.17,2026-07-05,2026-07-05
[N]_Card_Modelo,2026-07-05,not_delivering,adset,SuperAuto [Mitsubishi],1876369346602489,12595,9732,174.98,145,120.675.862,Leads (formulário),3,5.832.666.667,2026-07-05,2026-07-05
[N]_Card_Modelo,2026-07-04,not_delivering,adset,SuperAuto [Mitsubishi],1876369346602489,4695,3932,126.24,86,146.790.698,Leads (formulário),3,42.08,2026-07-04,2026-07-04
[N]_Card_Modelo,2026-07-04,not_delivering,adset,SuperAuto [Mitsubishi],1876369346602489,7686,5930,133.74,89,150.269.663,Leads (formulário),2,66.87,2026-07-04,2026-07-04
[N]_Card_Modelo,2026-07-04,not_delivering,adset,SuperAuto [Mitsubishi],1876369346602489,6247,4938,185.99,109,170.633.028,Leads (formulário),4,464.975,2026-07-04,2026-07-04
Mais de R$250 mil,2026-07-04,not_delivering,adset,SuperAuto [Mitsubishi],1876369346602489,1606,1240,11.83,17,69.588.235,,,,2026-07-04,2026-07-04
Até R$150 mil,2026-07-04,not_delivering,adset,SuperAuto [Mitsubishi],1876369346602489,479,414,5.95,3,198.333.333,,,,2026-07-04,2026-07-04
Até R$250 mil,2026-07-04,not_delivering,adset,SuperAuto [Mitsubishi],1876369346602489,1425,1105,12.65,18,70.277.778,Conversas por mensagem iniciadas,2,6.325,2026-07-04,2026-07-04
Até R$250 mil,2026-07-03,not_delivering,adset,SuperAuto [Mitsubishi],1876369346602489,1280,1069,16.01,16,1.000.625,Conversas por mensagem iniciadas,2,8.005,2026-07-03,2026-07-03
[N]_Card_Modelo,2026-07-03,not_delivering,adset,SuperAuto [Mitsubishi],1876369346602489,5771,4804,87.36,75,1.1648,Leads (formulário),2,43.68,2026-07-03,2026-07-03
[N]_Card_Modelo,2026-07-03,not_delivering,adset,SuperAuto [Mitsubishi],1876369346602489,2534,2018,87.07,30,290.233.333,,,,2026-07-03,2026-07-03
[N]_Card_Modelo,2026-07-03,not_delivering,adset,SuperAuto [Mitsubishi],1876369346602489,5009,4408,107.14,85,126.047.059,Leads (formulário),1,107.14,2026-07-03,2026-07-03
[N]_Card_Modelo,2026-07-03,not_delivering,adset,SuperAuto [Mitsubishi],1876369346602489,2253,1875,59.62,25,2.3848,Leads (formulário),1,59.62,2026-07-03,2026-07-03
Até R$150 mil,2026-07-03,not_delivering,adset,SuperAuto [Mitsubishi],1876369346602489,1228,1014,12.83,11,116.636.364,,,,2026-07-03,2026-07-03
Mais de R$250 mil,2026-07-03,not_delivering,adset,SuperAuto [Mitsubishi],1876369346602489,606,521,7.57,10,757,Conversas por mensagem iniciadas,1,7.57,2026-07-03,2026-07-03
[N]_Card_Modelo,2026-07-03,not_delivering,adset,SuperAuto [Mitsubishi],1876369346602489,2618,2157,50.47,28,1.8025,Leads (formulário),1,50.47,2026-07-03,2026-07-03
[N]_Card_Modelo,2026-07-03,not_delivering,adset,SuperAuto [Mitsubishi],1876369346602489,2085,1808,57.94,37,156.594.595,Leads (formulário),1,57.94,2026-07-03,2026-07-03
[N]_Card_Modelo,2026-07-02,not_delivering,adset,SuperAuto [Mitsubishi],1876369346602489,10999,8571,144.34,119,121.294.118,Leads (formulário),4,36.085,2026-07-02,2026-07-02
Mais de R$250 mil,2026-07-02,not_delivering,adset,SuperAuto [Mitsubishi],1876369346602489,1557,1218,14.21,16,888.125,Conversas por mensagem iniciadas,2,7.105,2026-07-02,2026-07-02
Até R$150 mil,2026-07-02,not_delivering,adset,SuperAuto [Mitsubishi],1876369346602489,739,616,9.12,10,912,Conversas por mensagem iniciadas,1,9.12,2026-07-02,2026-07-02
Até R$250 mil,2026-07-02,not_delivering,adset,SuperAuto [Mitsubishi],1876369346602489,1764,1396,22.03,17,129.588.235,Conversas por mensagem iniciadas,3,734.333.333,2026-07-02,2026-07-02
[N]_Card_Modelo,2026-07-02,not_delivering,adset,SuperAuto [Mitsubishi],1876369346602489,6024,5249,122.27,99,123.505.051,Leads (formulário),3,4.075.666.667,2026-07-02,2026-07-02
[N]_Card_Modelo,2026-07-02,not_delivering,adset,SuperAuto [Mitsubishi],1876369346602489,7654,5765,227.2,105,216.380.952,Leads (formulário),9,2.524.444.444,2026-07-02,2026-07-02
Até R$250 mil,2026-07-01,not_delivering,adset,SuperAuto [Mitsubishi],1876369346602489,1296,1033,17.27,11,1.57,Conversas por mensagem iniciadas,2,8.635,2026-07-01,2026-07-01
[N]_Card_Modelo,2026-07-01,not_delivering,adset,SuperAuto [Mitsubishi],1876369346602489,7254,5973,148,133,111.278.195,Leads (formulário),4,37,2026-07-01,2026-07-01
[N]_Card_Modelo,2026-07-01,not_delivering,adset,SuperAuto [Mitsubishi],1876369346602489,5544,4448,172.94,84,205.880.952,Leads (formulário),5,34.588,2026-07-01,2026-07-01
Até R$150 mil,2026-07-01,not_delivering,adset,SuperAuto [Mitsubishi],1876369346602489,1214,1053,15.05,15,100.333.333,Conversas por mensagem iniciadas,1,15.05,2026-07-01,2026-07-01
Mais de R$250 mil,2026-07-01,not_delivering,adset,SuperAuto [Mitsubishi],1876369346602489,1429,1138,14.32,19,75.368.421,Conversas por mensagem iniciadas,1,14.32,2026-07-01,2026-07-01
[N]_Card_Modelo,2026-07-01,not_delivering,adset,SuperAuto [Mitsubishi],1876369346602489,11527,9570,151.16,102,148.196.078,Leads (formulário),1,151.16,2026-07-01,2026-07-01
[JUL]_[N]_CARD_Move Brasil,2026-07-30,active,campaign,SuperAuto GAC,952398236874786,15.25,574,446,8,190.625,Conversas por mensagem iniciadas,3,508.333.333,2026-07-30,2026-07-30
[JUL]_[N]_Card_Oferta,2026-07-30,active,campaign,SuperAuto GAC,952398236874786,23.72,985,769,24,98.833.333,Leads (formulário),8,2.965,2026-07-30,2026-07-30
[JUL]_[SN]_Carrossel_Oferta,2026-07-30,active,campaign,SuperAuto GAC,952398236874786,19.11,425,338,6,3.185,,,,2026-07-30,2026-07-30
[JUL]_[N]_Card_Oferta PCD/TAXI,2026-07-30,active,campaign,SuperAuto GAC,952398236874786,6.46,335,329,5,1.292,,,,2026-07-30,2026-07-30
[JUL]_[SN]_Carrossel_Oferta,2026-07-29,active,campaign,SuperAuto GAC,952398236874786,63.13,1526,1189,21,300.619.048,Conversas por mensagem iniciadas,1,63.13,2026-07-29,2026-07-29
[JUL]_[N]_Card_Oferta PCD/TAXI,2026-07-29,active,campaign,SuperAuto GAC,952398236874786,24.04,1455,1368,19,126.526.316,Leads (formulário),1,24.04,2026-07-29,2026-07-29
[JUL]_[N]_Card_Oferta [BC],2026-07-29,inactive,campaign,SuperAuto GAC,952398236874786,34.59,1210,1071,19,182.052.632,Leads (formulário),1,34.59,2026-07-29,2026-07-29
[JUL]_[N]_Card_Oferta [FLN],2026-07-29,inactive,campaign,SuperAuto GAC,952398236874786,29.42,1348,1196,28,105.071.429,Leads (formulário),5,5.884,2026-07-29,2026-07-29
[JUL]_[N]_Vários formatos_Oferta,2026-07-29,inactive,campaign,SuperAuto GAC,952398236874786,15.14,336,284,2,7.57,,,,2026-07-29,2026-07-29
[JUL]_[N]_Card_Oferta,2026-07-29,active,campaign,SuperAuto GAC,952398236874786,67.72,2660,1830,42,161.238.095,Leads (formulário),5,13.544,2026-07-29,2026-07-29
[JUL]_[N]_CARD_Move Brasil,2026-07-29,active,campaign,SuperAuto GAC,952398236874786,76.77,3233,2193,43,178.534.884,Conversas por mensagem iniciadas,15,5.118,2026-07-29,2026-07-29
[JUL]_[N]_CARD_Move Brasil,2026-07-28,active,campaign,SuperAuto GAC,952398236874786,82.81,3450,2312,55,150.563.636,Conversas por mensagem iniciadas,21,394.333.333,2026-07-28,2026-07-28
[JUL]_[N]_Vários formatos_Oferta,2026-07-28,inactive,campaign,SuperAuto GAC,952398236874786,64.62,1504,1044,13,497.076.923,Conversas por mensagem iniciadas,5,12.924,2026-07-28,2026-07-28
[JUL]_[SN]_Carrossel_Oferta,2026-07-28,active,campaign,SuperAuto GAC,952398236874786,81.62,1950,1525,24,340.083.333,Conversas por mensagem iniciadas,1,81.62,2026-07-28,2026-07-28
[JUL]_[N]_Card_Oferta [BC],2026-07-28,inactive,campaign,SuperAuto GAC,952398236874786,165.02,7619,5464,127,129.937.008,Leads (formulário),5,33.004,2026-07-28,2026-07-28
[JUL]_[N]_Card_Oferta [FLN],2026-07-28,inactive,campaign,SuperAuto GAC,952398236874786,178.18,8753,6250,150,118.786.667,Leads (formulário),11,1.619.818.182,2026-07-28,2026-07-28
[JUL]_[N]_Card_Oferta PCD/TAXI,2026-07-28,active,campaign,SuperAuto GAC,952398236874786,18.8,1101,1043,12,156.666.667,,,,2026-07-28,2026-07-28
[JUL]_[N]_Card_Oferta [BC],2026-07-27,inactive,campaign,SuperAuto GAC,952398236874786,160.33,8940,6543,123,130.349.593,Leads (formulário),4,400.825,2026-07-27,2026-07-27
[JUL]_[N]_Card_Oferta PCD/TAXI,2026-07-27,active,campaign,SuperAuto GAC,952398236874786,16.86,1028,939,23,73.304.348,,,,2026-07-27,2026-07-27
[JUL]_[N]_Card_Oferta [FLN],2026-07-27,inactive,campaign,SuperAuto GAC,952398236874786,175.95,10930,7933,169,104.112.426,Leads (formulário),17,10.35,2026-07-27,2026-07-27
[JUL]_[N]_CARD_Move Brasil,2026-07-27,active,campaign,SuperAuto GAC,952398236874786,45.59,1800,1357,30,151.966.667,Conversas por mensagem iniciadas,18,253.277.778,2026-07-27,2026-07-27
[JUL]_[SN]_Carrossel_Oferta,2026-07-27,active,campaign,SuperAuto GAC,952398236874786,80.7,2296,1940,29,278.275.862,Conversas por mensagem iniciadas,2,40.35,2026-07-27,2026-07-27
[JUL]_[N]_Vários formatos_Oferta,2026-07-27,inactive,campaign,SuperAuto GAC,952398236874786,55.72,1570,1126,11,506.545.455,Conversas por mensagem iniciadas,4,13.93,2026-07-27,2026-07-27
[JUL]_[N]_Vários formatos_Oferta,2026-07-26,inactive,campaign,SuperAuto GAC,952398236874786,53.45,1760,1275,12,445.416.667,Conversas por mensagem iniciadas,3,1.781.666.667,2026-07-26,2026-07-26
[JUL]_[SN]_Carrossel_Oferta,2026-07-26,active,campaign,SuperAuto GAC,952398236874786,75.58,2135,1751,47,160.808.511,Conversas por mensagem iniciadas,4,18.895,2026-07-26,2026-07-26
[JUL]_[N]_Card_Oferta [BC],2026-07-26,inactive,campaign,SuperAuto GAC,952398236874786,184.19,9093,6818,136,135.433.824,Leads (formulário),11,1.674.454.545,2026-07-26,2026-07-26
[JUL]_[N]_Card_Oferta [FLN],2026-07-26,inactive,campaign,SuperAuto GAC,952398236874786,193.03,10977,7905,166,116.283.133,Leads (formulário),10,19.303,2026-07-26,2026-07-26
[JUL]_[N]_Card_Oferta PCD/TAXI,2026-07-26,active,campaign,SuperAuto GAC,952398236874786,22.45,1433,1337,21,106.904.762,,,,2026-07-26,2026-07-26
[JUL]_[N]_Card_Oferta,2026-07-25,inactive,campaign,SuperAuto GAC,952398236874786,26.59,499,415,3,886.333.333,Conversas por mensagem iniciadas,1,26.59,2026-07-25,2026-07-25
[JUL]_[N]_Vários formatos_Oferta,2026-07-25,inactive,campaign,SuperAuto GAC,952398236874786,33.99,1090,819,14,242.785.714,Conversas por mensagem iniciadas,3,11.33,2026-07-25,2026-07-25
[JUL]_[SN]_Carrossel_Oferta,2026-07-25,active,campaign,SuperAuto GAC,952398236874786,34.04,1105,920,16,2.1275,Conversas por mensagem iniciadas,1,34.04,2026-07-25,2026-07-25
[JUL]_[N]_Card_Oferta [BC],2026-07-25,inactive,campaign,SuperAuto GAC,952398236874786,107.12,5417,4189,85,126.023.529,Leads (formulário),1,107.12,2026-07-25,2026-07-25
[JUL]_[N]_Card_Oferta [FLN],2026-07-25,inactive,campaign,SuperAuto GAC,952398236874786,123.49,6593,5019,110,112.263.636,Leads (formulário),6,2.058.166.667,2026-07-25,2026-07-25
[JUL]_[N]_Card_Oferta PCD/TAXI,2026-07-25,active,campaign,SuperAuto GAC,952398236874786,16.59,958,932,14,1.185,,,,2026-07-25,2026-07-25
[JUL]_[N]_Card_Oferta [BC],2026-07-24,inactive,campaign,SuperAuto GAC,952398236874786,135.43,5979,4587,98,138.193.878,Leads (formulário),6,2.257.166.667,2026-07-24,2026-07-24
[JUL]_[N]_Card_Oferta PCD/TAXI,2026-07-24,active,campaign,SuperAuto GAC,952398236874786,19.65,1028,975,19,103.421.053,,,,2026-07-24,2026-07-24
[JUL]_[N]_Card_Oferta [FLN],2026-07-24,inactive,campaign,SuperAuto GAC,952398236874786,144.98,7107,5316,128,113.265.625,Leads (formulário),12,1.208.166.667,2026-07-24,2026-07-24
[JUL]_[N]_Card_Oferta,2026-07-24,inactive,campaign,SuperAuto GAC,952398236874786,49.89,1117,858,8,623.625,Conversas por mensagem iniciadas,2,24.945,2026-07-24,2026-07-24
[JUL]_[SN]_Carrossel_Oferta,2026-07-24,active,campaign,SuperAuto GAC,952398236874786,39.45,1291,1076,19,207.631.579,Conversas por mensagem iniciadas,1,39.45,2026-07-24,2026-07-24
[JUL]_[N]_Vários formatos_Oferta,2026-07-24,inactive,campaign,SuperAuto GAC,952398236874786,48.7,1324,1010,16,304.375,Conversas por mensagem iniciadas,5,9.74,2026-07-24,2026-07-24
[JUL]_[N]_Card_Oferta,2026-07-23,inactive,campaign,SuperAuto GAC,952398236874786,46.84,1364,1154,4,11.71,Conversas por mensagem iniciadas,1,46.84,2026-07-23,2026-07-23
[JUL]_[N]_Vários formatos_Oferta,2026-07-23,inactive,campaign,SuperAuto GAC,952398236874786,42.8,1228,855,21,203.809.524,Conversas por mensagem iniciadas,7,611.428.571,2026-07-23,2026-07-23
[JUL]_[SN]_Carrossel_Oferta,2026-07-23,active,campaign,SuperAuto GAC,952398236874786,47.41,1228,963,14,338.642.857,Conversas por mensagem iniciadas,1,47.41,2026-07-23,2026-07-23
[JUL]_[N]_Card_Oferta [BC],2026-07-23,inactive,campaign,SuperAuto GAC,952398236874786,134.04,6351,4807,103,130.135.922,Leads (formulário),11,1.218.545.455,2026-07-23,2026-07-23
[JUL]_[N]_Card_Oferta [FLN],2026-07-23,inactive,campaign,SuperAuto GAC,952398236874786,151.31,7644,5535,118,128.228.814,Leads (formulário),13,1.163.923.077,2026-07-23,2026-07-23
[JUL]_[N]_Card_Oferta PCD/TAXI,2026-07-23,active,campaign,SuperAuto GAC,952398236874786,18.55,982,947,19,97.631.579,,,,2026-07-23,2026-07-23
[JUL]_[N]_Card_Oferta,2026-07-22,inactive,campaign,SuperAuto GAC,952398236874786,49.33,2431,2179,19,259.631.579,Conversas por mensagem iniciadas,4,12.3325,2026-07-22,2026-07-22
[JUL]_[N]_Vários formatos_Oferta,2026-07-22,inactive,campaign,SuperAuto GAC,952398236874786,51.13,1674,1247,17,300.764.706,Conversas por mensagem iniciadas,3,1.704.333.333,2026-07-22,2026-07-22
[JUL]_[SN]_Carrossel_Oferta,2026-07-22,active,campaign,SuperAuto GAC,952398236874786,65.31,1605,1235,30,2.177,Conversas por mensagem iniciadas,3,21.77,2026-07-22,2026-07-22
[JUL]_[N]_Card_Oferta [BC],2026-07-22,inactive,campaign,SuperAuto GAC,952398236874786,160.52,7381,5651,110,145.927.273,Leads (formulário),5,32.104,2026-07-22,2026-07-22
[JUL]_[N]_Card_Oferta [FLN],2026-07-22,inactive,campaign,SuperAuto GAC,952398236874786,168.59,8737,6311,139,12.128.777,Leads (formulário),11,1.532.636.364,2026-07-22,2026-07-22
[JUL]_[N]_Card_Oferta PCD/TAXI,2026-07-22,active,campaign,SuperAuto GAC,952398236874786,21.85,1183,1076,20,1.0925,,,,2026-07-22,2026-07-22
[JUL]_[N]_Card_Oferta PCD/TAXI,2026-07-21,active,campaign,SuperAuto GAC,952398236874786,19.24,1042,1001,16,1.2025,Leads (formulário),1,19.24,2026-07-21,2026-07-21
[JUL]_[N]_Card_Oferta [BC],2026-07-21,inactive,campaign,SuperAuto GAC,952398236874786,168.22,8152,6046,112,150.196.429,Leads (formulário),13,12.94,2026-07-21,2026-07-21
[JUL]_[N]_Card_Oferta [FLN],2026-07-21,inactive,campaign,SuperAuto GAC,952398236874786,174.32,9353,6878,162,107.604.938,Leads (formulário),14,1.245.142.857,2026-07-21,2026-07-21
[JUL]_[N]_Vários formatos_Oferta,2026-07-21,inactive,campaign,SuperAuto GAC,952398236874786,61.34,1614,1134,28,219.071.429,Conversas por mensagem iniciadas,3,2.044.666.667,2026-07-21,2026-07-21
[JUL]_[SN]_Carrossel_Oferta,2026-07-21,active,campaign,SuperAuto GAC,952398236874786,80.51,2239,1724,36,223.638.889,Conversas por mensagem iniciadas,3,2.683.666.667,2026-07-21,2026-07-21
[JUL]_[N]_Card_Oferta,2026-07-21,inactive,campaign,SuperAuto GAC,952398236874786,34.84,1038,875,4,8.71,Conversas por mensagem iniciadas,1,34.84,2026-07-21,2026-07-21
[JUL]_[N]_Vários formatos_Oferta,2026-07-20,inactive,campaign,SuperAuto GAC,952398236874786,63.49,1765,1247,26,244.192.308,Conversas por mensagem iniciadas,3,2.116.333.333,2026-07-20,2026-07-20
[JUL]_[N]_Card/vídeo_GS3 evento,2026-07-20,inactive,campaign,SuperAuto GAC,952398236874786,0,0,0,,,Conversas por mensagem iniciadas,1,0,2026-07-20,2026-07-20
[JUL]_[SN]_Carrossel_Oferta,2026-07-20,active,campaign,SuperAuto GAC,952398236874786,80.51,2619,1874,57,141.245.614,,,,2026-07-20,2026-07-20
[JUL]_[N]_Card_Oferta [BC],2026-07-20,inactive,campaign,SuperAuto GAC,952398236874786,159.61,8675,6310,120,133.008.333,Leads (formulário),7,2.280.142.857,2026-07-20,2026-07-20
[JUL]_[N]_Card_Oferta [FLN],2026-07-20,inactive,campaign,SuperAuto GAC,952398236874786,172.95,10374,7474,134,129.067.164,Leads (formulário),12,144.125,2026-07-20,2026-07-20
[JUL]_[N]_Card_Oferta PCD/TAXI,2026-07-20,active,campaign,SuperAuto GAC,952398236874786,20.58,1111,1088,16,128.625,,,,2026-07-20,2026-07-20
[JUL]_[N]_Vários formatos_Oferta,2026-07-19,inactive,campaign,SuperAuto GAC,952398236874786,48.21,1417,948,15,3.214,,,,2026-07-19,2026-07-19
[JUL]_[SN]_Carrossel_Oferta,2026-07-19,active,campaign,SuperAuto GAC,952398236874786,72.08,2797,2155,39,184.820.513,Conversas por mensagem iniciadas,1,72.08,2026-07-19,2026-07-19
[JUL]_[N]_Card_Oferta [BC],2026-07-19,inactive,campaign,SuperAuto GAC,952398236874786,184.31,9316,7179,151,122.059.603,Leads (formulário),12,1.535.916.667,2026-07-19,2026-07-19
[JUL]_[N]_Card_Oferta [FLN],2026-07-19,inactive,campaign,SuperAuto GAC,952398236874786,183.18,9901,7560,163,112.380.368,Leads (formulário),9,2.035.333.333,2026-07-19,2026-07-19
[JUL]_[N]_Card_Oferta PCD/TAXI,2026-07-19,active,campaign,SuperAuto GAC,952398236874786,23.38,1278,1254,20,1.169,,,,2026-07-19,2026-07-19
[JUL]_[N]_Vários formatos_Oferta,2026-07-18,inactive,campaign,SuperAuto GAC,952398236874786,44.09,1361,872,15,293.933.333,Conversas por mensagem iniciadas,2,22.045,2026-07-18,2026-07-18
[JUL]_[N]_Card/vídeo_GS3 evento,2026-07-18,inactive,campaign,SuperAuto GAC,952398236874786,55.47,919,728,3,18.49,Conversas por mensagem iniciadas,1,55.47,2026-07-18,2026-07-18
[JUL]_[N]_Card_Oferta,2026-07-18,inactive,campaign,SuperAuto GAC,952398236874786,17.51,596,497,5,3.502,Conversas por mensagem iniciadas,2,8.755,2026-07-18,2026-07-18
[JUL]_[SN]_Carrossel_Oferta,2026-07-18,active,campaign,SuperAuto GAC,952398236874786,27.11,1249,955,29,93.482.759,Conversas por mensagem iniciadas,2,13.555,2026-07-18,2026-07-18
[JUL]_[N]_Card_Oferta [BC],2026-07-18,inactive,campaign,SuperAuto GAC,952398236874786,115.45,5972,4708,95,121.526.316,Leads (formulário),4,288.625,2026-07-18,2026-07-18
[JUL]_[N]_Card_Oferta [FLN],2026-07-18,inactive,campaign,SuperAuto GAC,952398236874786,126.61,6576,5016,139,91.086.331,Leads (formulário),9,1.406.777.778,2026-07-18,2026-07-18
[JUL]_[N]_Card_Oferta PCD/TAXI,2026-07-18,active,campaign,SuperAuto GAC,952398236874786,19.75,1131,1093,15,131.666.667,Leads (formulário),1,19.75,2026-07-18,2026-07-18
[JUL]_[N]_Vários formatos_Oferta,2026-07-17,inactive,campaign,SuperAuto GAC,952398236874786,30.55,1019,703,8,381.875,Conversas por mensagem iniciadas,1,30.55,2026-07-17,2026-07-17
[JUL]_[N]_Card/vídeo_GS3 evento,2026-07-17,inactive,campaign,SuperAuto GAC,952398236874786,116.8,2229,1684,19,614.736.842,Conversas por mensagem iniciadas,6,1.946.666.667,2026-07-17,2026-07-17
[JUL]_[N]_Card_Oferta,2026-07-17,inactive,campaign,SuperAuto GAC,952398236874786,43.1,1394,1105,16,269.375,,,,2026-07-17,2026-07-17
[JUL]_[SN]_Carrossel_Oferta,2026-07-17,active,campaign,SuperAuto GAC,952398236874786,47.6,1792,1320,37,128.648.649,,,,2026-07-17,2026-07-17
[JUL]_[N]_Card_Oferta [BC],2026-07-17,inactive,campaign,SuperAuto GAC,952398236874786,206.42,8739,6694,121,170.595.041,Leads (formulário),6,3.440.333.333,2026-07-17,2026-07-17
[JUL]_[N]_Card_Oferta [FLN],2026-07-17,inactive,campaign,SuperAuto GAC,952398236874786,197.01,9697,6898,151,130.470.199,Leads (formulário),11,17.91,2026-07-17,2026-07-17
[JUL]_[N]_Card_Oferta PCD/TAXI,2026-07-17,active,campaign,SuperAuto GAC,952398236874786,60.46,2828,2595,47,128.638.298,Leads (formulário),3,2.015.333.333,2026-07-17,2026-07-17
[JUL]_[N]_Card_Oferta [FLN],2026-07-16,inactive,campaign,SuperAuto GAC,952398236874786,237.8,10561,7619,152,156.447.368,Leads (formulário),10,23.78,2026-07-16,2026-07-16
[JUL]_[N]_Card_Oferta PCD/TAXI,2026-07-16,active,campaign,SuperAuto GAC,952398236874786,94,3338,2994,64,146.875,Leads (formulário),5,18.8,2026-07-16,2026-07-16
[JUL]_[N]_Card_Oferta [BC],2026-07-16,inactive,campaign,SuperAuto GAC,952398236874786,225.73,9921,7137,123,183.520.325,Leads (formulário),14,1.612.357.143,2026-07-16,2026-07-16
[JUL]_[SN]_Carrossel_Oferta,2026-07-16,active,campaign,SuperAuto GAC,952398236874786,56.99,2366,1772,54,105.537.037,Conversas por mensagem iniciadas,4,142.475,2026-07-16,2026-07-16
[JUL]_[N]_Card_Oferta,2026-07-16,inactive,campaign,SuperAuto GAC,952398236874786,47.42,1389,1112,24,197.583.333,Conversas por mensagem iniciadas,6,790.333.333,2026-07-16,2026-07-16
[JUL]_[N]_Card/vídeo_GS3 evento,2026-07-16,inactive,campaign,SuperAuto GAC,952398236874786,114.1,2666,2060,20,5.705,Conversas por mensagem iniciadas,2,57.05,2026-07-16,2026-07-16
[JUL]_[N]_Card_Oferta [BC],2026-07-15,inactive,campaign,SuperAuto GAC,952398236874786,251.47,10403,7611,182,13.817.033,Leads (formulário),5,50.294,2026-07-15,2026-07-15
[JUL]_[N]_Card_Oferta PCD/TAXI,2026-07-15,active,campaign,SuperAuto GAC,952398236874786,87.63,2415,2159,37,236.837.838,Leads (formulário),2,43.815,2026-07-15,2026-07-15
[JUL]_[N]_Card_Oferta [FLN],2026-07-15,inactive,campaign,SuperAuto GAC,952398236874786,242.97,10843,7804,172,141.261.628,Leads (formulário),11,2.208.818.182,2026-07-15,2026-07-15
[JUL]_[SN]_Carrossel_Oferta,2026-07-15,active,campaign,SuperAuto GAC,952398236874786,59.18,2275,1739,34,174.058.824,Conversas por mensagem iniciadas,2,29.59,2026-07-15,2026-07-15
[JUL]_[N]_Card_Oferta,2026-07-15,inactive,campaign,SuperAuto GAC,952398236874786,52.87,1389,1081,12,440.583.333,Conversas por mensagem iniciadas,6,881.166.667,2026-07-15,2026-07-15
[JUL]_[N]_Card/vídeo_GS3 evento,2026-07-15,inactive,campaign,SuperAuto GAC,952398236874786,98.66,2195,1560,7,1.409.428.571,Conversas por mensagem iniciadas,2,49.33,2026-07-15,2026-07-15
[JUL]_[N]_Card/vídeo_GS3 evento,2026-07-14,inactive,campaign,SuperAuto GAC,952398236874786,07.08,188,150,2,3.54,,,,2026-07-14,2026-07-14
[JUL]_[N]_Card_Oferta,2026-07-14,inactive,campaign,SuperAuto GAC,952398236874786,63.6,2043,1470,22,289.090.909,Conversas por mensagem iniciadas,5,12.72,2026-07-14,2026-07-14
[JUL]_[SN]_Carrossel_Oferta,2026-07-14,active,campaign,SuperAuto GAC,952398236874786,77.78,1779,1343,32,2.430.625,,,,2026-07-14,2026-07-14
[JUL]_[N]_Card_Oferta [BC],2026-07-14,inactive,campaign,SuperAuto GAC,952398236874786,238.95,11053,7823,154,155.162.338,Leads (formulário),9,26.55,2026-07-14,2026-07-14
[JUL]_[N]_Card_Oferta [FLN],2026-07-14,inactive,campaign,SuperAuto GAC,952398236874786,240.99,10678,7983,175,137.708.571,Leads (formulário),19,1.268.368.421,2026-07-14,2026-07-14
[JUL]_[N]_Card_Oferta PCD/TAXI,2026-07-14,active,campaign,SuperAuto GAC,952398236874786,97.25,2528,2130,46,211.413.043,Leads (formulário),4,243.125,2026-07-14,2026-07-14
[JUL]_[N]_Card_Oferta [FLN],2026-07-13,inactive,campaign,SuperAuto GAC,952398236874786,245.54,14390,10293,200,1.2277,Leads (formulário),11,2.232.181.818,2026-07-13,2026-07-13
[JUL]_[N]_Card_Oferta PCD/TAXI,2026-07-13,active,campaign,SuperAuto GAC,952398236874786,112.06,3269,2716,58,193.206.897,Leads (formulário),2,56.03,2026-07-13,2026-07-13
[JUL]_[N]_Card_Oferta [BC],2026-07-13,inactive,campaign,SuperAuto GAC,952398236874786,243.48,12711,9185,157,155.082.803,Leads (formulário),15,16.232,2026-07-13,2026-07-13
[JUL]_[N]_Card_Oferta,2026-07-13,inactive,campaign,SuperAuto GAC,952398236874786,54.36,1521,1143,17,319.764.706,Conversas por mensagem iniciadas,4,13.59,2026-07-13,2026-07-13
[JUL]_[SN]_Carrossel_Oferta,2026-07-13,active,campaign,SuperAuto GAC,952398236874786,76.06,1480,1129,29,262.275.862,Conversas por mensagem iniciadas,5,15.212,2026-07-13,2026-07-13
[JUL]_[N]_Card_Oferta,2026-07-12,inactive,campaign,SuperAuto GAC,952398236874786,53.52,1749,1240,13,411.692.308,Conversas por mensagem iniciadas,5,10.704,2026-07-12,2026-07-12
[JUL]_[SN]_Carrossel_Oferta,2026-07-12,active,campaign,SuperAuto GAC,952398236874786,75.02,2261,1684,32,2.344.375,Conversas por mensagem iniciadas,1,75.02,2026-07-12,2026-07-12
[JUL]_[N]_Card_Oferta [BC],2026-07-12,inactive,campaign,SuperAuto GAC,952398236874786,288.91,13984,9848,188,153.675.532,Leads (formulário),12,2.407.583.333,2026-07-12,2026-07-12
[JUL]_[N]_Card_Oferta [FLN],2026-07-12,inactive,campaign,SuperAuto GAC,952398236874786,282.93,15425,10507,251,112.721.116,Leads (formulário),29,97.562.069,2026-07-12,2026-07-12
[JUL]_[N]_Card_Oferta PCD/TAXI,2026-07-12,active,campaign,SuperAuto GAC,952398236874786,116.1,5264,4649,94,123.510.638,Leads (formulário),5,23.22,2026-07-12,2026-07-12
[JUL]_[N]_Card_Oferta,2026-07-11,inactive,campaign,SuperAuto GAC,952398236874786,33.7,910,696,8,4.2125,Conversas por mensagem iniciadas,6,561.666.667,2026-07-11,2026-07-11
[JUL]_[SN]_Carrossel_Oferta,2026-07-11,active,campaign,SuperAuto GAC,952398236874786,44.11,1884,1483,18,245.055.556,,,,2026-07-11,2026-07-11
[JUL]_[N]_Card_Oferta [BC],2026-07-11,inactive,campaign,SuperAuto GAC,952398236874786,195.19,9219,6330,124,15.741.129,Leads (formulário),7,2.788.428.571,2026-07-11,2026-07-11
[JUL]_[N]_Card_Oferta [FLN],2026-07-11,inactive,campaign,SuperAuto GAC,952398236874786,197.47,9507,6633,166,118.957.831,Leads (formulário),18,1.097.055.556,2026-07-11,2026-07-11
[JUL]_[N]_Card_Oferta PCD/TAXI,2026-07-11,active,campaign,SuperAuto GAC,952398236874786,119.72,5136,4414,82,1.46,Leads (formulário),6,1.995.333.333,2026-07-11,2026-07-11
[JUL]_[N]_Card_Oferta PCD/TAXI,2026-07-10,active,campaign,SuperAuto GAC,952398236874786,112.9,3827,3290,69,163.623.188,Leads (formulário),2,56.45,2026-07-10,2026-07-10
[JUL]_[N]_Card_Oferta [FLN],2026-07-10,inactive,campaign,SuperAuto GAC,952398236874786,217.15,9519,6275,156,139.198.718,Leads (formulário),11,1.974.090.909,2026-07-10,2026-07-10
[JUL]_[SN]_Carrossel_Oferta,2026-07-10,active,campaign,SuperAuto GAC,952398236874786,59.02,1645,1207,24,245.916.667,Conversas por mensagem iniciadas,2,29.51,2026-07-10,2026-07-10
[JUL]_[N]_Card_Oferta [BC],2026-07-10,inactive,campaign,SuperAuto GAC,952398236874786,203.26,7713,5395,118,172.254.237,Leads (formulário),13,1.563.538.462,2026-07-10,2026-07-10
[JUL]_[N]_Card_Oferta,2026-07-10,inactive,campaign,SuperAuto GAC,952398236874786,36.07,728,584,14,257.642.857,Conversas por mensagem iniciadas,5,7.214,2026-07-10,2026-07-10
[JUL]_[SN]_Carrossel_Oferta,2026-07-09,active,campaign,SuperAuto GAC,952398236874786,59.12,1632,1136,19,311.157.895,Conversas por mensagem iniciadas,2,29.56,2026-07-09,2026-07-09
[JUL]_[N]_Card_Oferta [BC],2026-07-09,inactive,campaign,SuperAuto GAC,952398236874786,131.67,5410,3857,68,193.632.353,Leads (formulário),7,18.81,2026-07-09,2026-07-09
[JUL]_[N]_Card_Oferta [FLN],2026-07-09,inactive,campaign,SuperAuto GAC,952398236874786,204.54,8508,5773,157,130.280.255,Leads (formulário),18,1.136.333.333,2026-07-09,2026-07-09
[JUL]_[N]_Card_Oferta PCD/TAXI,2026-07-09,active,campaign,SuperAuto GAC,952398236874786,105.4,2996,2468,46,229.130.435,Leads (formulário),4,26.35,2026-07-09,2026-07-09
[JUL]_[SN]_Carrossel_Oferta,2026-07-08,active,campaign,SuperAuto GAC,952398236874786,39.83,1067,852,15,265.533.333,Conversas por mensagem iniciadas,3,1.327.666.667,2026-07-08,2026-07-08
[JUL]_[N]_Card_Oferta [BC],2026-07-08,inactive,campaign,SuperAuto GAC,952398236874786,169.11,6182,4344,78,216.807.692,Leads (formulário),10,16.911,2026-07-08,2026-07-08
[JUL]_[N]_Card_Oferta [FLN],2026-07-08,inactive,campaign,SuperAuto GAC,952398236874786,231.09,8406,5522,139,166.251.799,Leads (formulário),17,1.359.352.941,2026-07-08,2026-07-08
[JUL]_[N]_Card_Oferta PCD/TAXI,2026-07-08,active,campaign,SuperAuto GAC,952398236874786,102.87,2650,1943,34,302.558.824,Leads (formulário),5,20.574,2026-07-08,2026-07-08
[JUN]_[SN]_Card_Oferta,2026-07-08,inactive,campaign,SuperAuto GAC,952398236874786,35.92,1018,809,10,3.592,Conversas por mensagem iniciadas,1,35.92,2026-07-08,2026-07-08
[JUL]_[N]_Card_Modelo [BC],2026-07-07,inactive,campaign,SuperAuto GAC,952398236874786,77.49,2444,1751,29,267.206.897,Leads (formulário),1,77.49,2026-07-07,2026-07-07
[JUN]_[SN]_Card_Oferta,2026-07-07,inactive,campaign,SuperAuto GAC,952398236874786,89.01,1843,1412,28,317.892.857,Conversas por mensagem iniciadas,7,1.271.571.429,2026-07-07,2026-07-07
[JUL]_[N]_Card_Modelo [FLN],2026-07-07,inactive,campaign,SuperAuto GAC,952398236874786,72.28,2668,1915,38,190.210.526,Leads (formulário),6,1.204.666.667,2026-07-07,2026-07-07
[JUN]_[N]_Card_Aion UT,2026-07-07,inactive,campaign,SuperAuto GAC,952398236874786,105.54,3545,2982,38,277.736.842,Leads (formulário),4,26.385,2026-07-07,2026-07-07
[JUL]_[N]_Card_Oferta PCD/TAXI,2026-07-07,active,campaign,SuperAuto GAC,952398236874786,82.21,2753,1874,22,373.681.818,Leads (formulário),3,2.740.333.333,2026-07-07,2026-07-07
[JUL]_[N]_Card_Oferta [FLN],2026-07-07,inactive,campaign,SuperAuto GAC,952398236874786,38.97,1676,1426,29,13.437.931,Leads (formulário),7,556.714.286,2026-07-07,2026-07-07
[JUL]_[N]_Card_Oferta [BC],2026-07-07,inactive,campaign,SuperAuto GAC,952398236874786,61.76,2307,1894,26,237.538.462,Leads (formulário),3,2.058.666.667,2026-07-07,2026-07-07
[JUN]_[SN]_Card_Oferta,2026-07-06,inactive,campaign,SuperAuto GAC,952398236874786,75.03,3410,3094,32,23.446.875,Conversas por mensagem iniciadas,4,187.575,2026-07-06,2026-07-06
[JUN]_[N]_Card_Aion UT,2026-07-06,inactive,campaign,SuperAuto GAC,952398236874786,301.19,13045,9783,139,216.683.453,Leads (formulário),8,3.764.875,2026-07-06,2026-07-06
[JUL]_[N]_Card_Modelo [FLN],2026-07-06,inactive,campaign,SuperAuto GAC,952398236874786,76.74,2994,2162,47,163.276.596,Leads (formulário),7,1.096.285.714,2026-07-06,2026-07-06
[JUL]_[N]_Card_Modelo [BC],2026-07-06,inactive,campaign,SuperAuto GAC,952398236874786,85.24,3020,2020,47,181.361.702,Leads (formulário),3,2.841.333.333,2026-07-06,2026-07-06
[JUN]_[N]_Card_Aion UT,2026-07-01,inactive,campaign,SuperAuto GAC,952398236874786,0.02,5,5,,,,,,2026-07-01,2026-07-01
[JUL]_[N]_Card_Oferta,2026-07-30,inactive,campaign,Sagara [Suzuki],498872405861498,0.11,13,12,1,0.11,,,,2026-07-30,2026-07-30
[JUL]_[N]_Card_Oferta,2026-07-29,inactive,campaign,Sagara [Suzuki],498872405861498,55.39,3029,2400,63,87.920.635,Leads (formulário),5,11.078,2026-07-29,2026-07-29
[JUL]_[N]_Card_Oferta,2026-07-28,inactive,campaign,Sagara [Suzuki],498872405861498,103.36,5090,4051,121,85.421.488,Leads (formulário),7,1.476.571.429,2026-07-28,2026-07-28
[JUL]_[N]_Card_Oferta,2026-07-27,inactive,campaign,Sagara [Suzuki],498872405861498,107.07,5983,4688,153,69.980.392,Leads (formulário),8,1.338.375,2026-07-27,2026-07-27
[JUL]_[N]_Card_Oferta,2026-07-26,inactive,campaign,Sagara [Suzuki],498872405861498,115.17,6542,5186,143,80.538.462,Leads (formulário),19,606.157.895,2026-07-26,2026-07-26
[JUL]_[N]_Card_Oferta,2026-07-25,inactive,campaign,Sagara [Suzuki],498872405861498,94.91,4586,3745,115,82.530.435,Leads (formulário),14,677.928.571,2026-07-25,2026-07-25
[JUL]_[N]_Card_Oferta,2026-07-24,inactive,campaign,Sagara [Suzuki],498872405861498,96.67,4567,3631,89,108.617.978,Leads (formulário),11,878.818.182,2026-07-24,2026-07-24
[JUL]_[N]_Card_Oferta,2026-07-23,inactive,campaign,Sagara [Suzuki],498872405861498,90.61,4711,3892,82,1.105,Leads (formulário),9,1.006.777.778,2026-07-23,2026-07-23
[JUL]_[N]_Card_Oferta,2026-07-22,inactive,campaign,Sagara [Suzuki],498872405861498,97.9,4942,4077,100,979,Leads (formulário),13,753.076.923,2026-07-22,2026-07-22
[JUL]_[N]_Card_Oferta,2026-07-21,inactive,campaign,Sagara [Suzuki],498872405861498,107.76,5171,4167,114,94.526.316,Leads (formulário),27,399.111.111,2026-07-21,2026-07-21
[JUL]_[N]_Card_Oferta,2026-07-20,inactive,campaign,Sagara [Suzuki],498872405861498,103.64,5404,4474,123,84.260.163,Leads (formulário),14,740.285.714,2026-07-20,2026-07-20
[JUL]_[N]_Card_Oferta,2026-07-19,inactive,campaign,Sagara [Suzuki],498872405861498,108.14,5522,4562,121,89.371.901,Leads (formulário),16,675.875,2026-07-19,2026-07-19
[JUL]_[N]_Card_Oferta,2026-07-18,inactive,campaign,Sagara [Suzuki],498872405861498,89.89,3762,3148,83,108.301.205,Leads (formulário),17,528.764.706,2026-07-18,2026-07-18
[JUL]_[N]_Card_Oferta,2026-07-17,inactive,campaign,Sagara [Suzuki],498872405861498,98.21,3569,3019,71,138.323.944,Leads (formulário),13,755.461.538,2026-07-17,2026-07-17
[JUL]_[N]_Card_Oferta,2026-07-16,inactive,campaign,Sagara [Suzuki],498872405861498,98.82,3348,2893,76,130.026.316,Leads (formulário),17,581.294.118,2026-07-16,2026-07-16
[JUL]_[N]_Card_Oferta,2026-07-15,inactive,campaign,Sagara [Suzuki],498872405861498,108.77,4134,3578,100,1.0877,Leads (formulário),12,906.416.667,2026-07-15,2026-07-15
[JUL]_[N]_Card_Oferta,2026-07-14,inactive,campaign,Sagara [Suzuki],498872405861498,97.76,4113,3552,107,91.364.486,Leads (formulário),15,651.733.333,2026-07-14,2026-07-14
[JUL]_[N]_Card_Oferta,2026-07-13,inactive,campaign,Sagara [Suzuki],498872405861498,91.12,4040,3511,90,101.244.444,Leads (formulário),15,607.466.667,2026-07-13,2026-07-13
[JUL]_[N]_Card_Oferta,2026-07-12,inactive,campaign,Sagara [Suzuki],498872405861498,115.17,5213,4275,124,92.879.032,Leads (formulário),18,639.833.333,2026-07-12,2026-07-12
[JUL]_[N]_Card_Oferta,2026-07-11,inactive,campaign,Sagara [Suzuki],498872405861498,91.37,3813,3305,126,72.515.873,Leads (formulário),32,28.553.125,2026-07-11,2026-07-11
[JUL]_[N]_Card_Oferta,2026-07-10,inactive,campaign,Sagara [Suzuki],498872405861498,96.61,4014,3077,99,97.585.859,Leads (formulário),18,536.722.222,2026-07-10,2026-07-10
[JUL]_[N]_Card_Oferta,2026-07-09,inactive,campaign,Sagara [Suzuki],498872405861498,116,4924,3915,152,76.315.789,Leads (formulário),14,828.571.429,2026-07-09,2026-07-09
[JUL]_[N]_Card_Oferta,2026-07-08,inactive,campaign,Sagara [Suzuki],498872405861498,102.66,5329,4424,120,8.555,Leads (formulário),14,733.285.714,2026-07-08,2026-07-08
[JUL]_[N]_Card_Oferta,2026-07-07,inactive,campaign,Sagara [Suzuki],498872405861498,103.32,5957,4919,136,75.970.588,Leads (formulário),11,939.272.727,2026-07-07,2026-07-07
[JUL]_[N]_Card_Oferta,2026-07-06,inactive,campaign,Sagara [Suzuki],498872405861498,89.66,5740,4637,155,57.845.161,Leads (formulário),17,527.411.765,2026-07-06,2026-07-06
[JUL]_[N]_Card_Oferta,2026-07-05,inactive,campaign,Sagara [Suzuki],498872405861498,100.17,6174,4923,157,63.802.548,Leads (formulário),20,5.1985,2026-07-05,2026-07-05
[JUL]_[N]_Card_Oferta,2026-07-04,inactive,campaign,Sagara [Suzuki],498872405861498,60.72,3210,2527,88,0.69,Leads (formulário),12,05.06,2026-07-04,2026-07-04
[JUL]_[N]_Card_Oferta,2026-07-03,inactive,campaign,Sagara [Suzuki],498872405861498,94.08,4883,3854,136,69.176.471,Leads (formulário),13,723.692.308,2026-07-03,2026-07-03